observation_id,comparison,comparison_family,rat_left,rat_right,rat_pair,model_run,procrustes_disparity,aligned_rmse,aligned_sse_over_target_ss
0,A_vs_A,A_vs_A,rat0222,rat0307,rat0222__rat0307,0,0.2004597731454566,0.4477273424143947,0.2004597731454566
1,A_vs_A,A_vs_A,rat0222,rat0307,rat0222__rat0307,1,0.11509414195261242,0.33925527549709883,0.11509414195261244
2,A_vs_A,A_vs_A,rat0222,rat0307,rat0222__rat0307,2,0.22367082452739548,0.4729384997305628,0.22367082452739553
3,A_vs_A,A_vs_A,rat0222,rat0307,rat0222__rat0307,3,0.19062353261044002,0.43660454946145466,0.19062353261043985
4,A_vs_A,A_vs_A,rat0222,rat0307,rat0222__rat0307,4,0.13943757394438328,0.3734134088974085,0.13943757394438322
5,A_vs_A,A_vs_A,rat0222,rat0307,rat0222__rat0307,5,0.2196325076833458,0.46864966412379494,0.2196325076833458
6,A_vs_A,A_vs_A,rat0222,rat0307,rat0222__rat0307,6,0.16098591284128788,0.4012304983937386,0.1609859128412878
7,A_vs_A,A_vs_A,rat0222,rat0307,rat0222__rat0307,7,0.2320027913825647,0.48166668078928276,0.2320027913825648
8,A_vs_A,A_vs_A,rat0222,rat0307,rat0222__rat0307,8,0.01634902744936968,0.1278633154949834,0.016349027449369665
9,A_vs_A,A_vs_A,rat0222,rat0307,rat0222__rat0307,9,0.12483793367471524,0.35332411985981843,0.12483793367471532
10,A_vs_A,A_vs_A,rat0222,rat0307,rat0222__rat0307,10,0.122254488681718,0.34964909363777535,0.12225448868171779
11,A_vs_A,A_vs_A,rat0222,rat0307,rat0222__rat0307,11,0.08598943296329853,0.29323954877079356,0.08598943296329863
12,A_vs_A,A_vs_A,rat0222,rat0307,rat0222__rat0307,12,0.15926836874960162,0.39908441306270237,0.15926836874960165
13,A_vs_A,A_vs_A,rat0222,rat0307,rat0222__rat0307,13,0.41045923331405937,0.640670924355132,0.41045923331405915
14,A_vs_A,A_vs_A,rat0222,rat0307,rat0222__rat0307,14,0.10468325578678267,0.3235479188416805,0.10468325578678264
15,A_vs_A,A_vs_A,rat0222,rat0307,rat0222__rat0307,15,0.22980144451056417,0.47937609922749,0.2298014445105644
16,A_vs_A,A_vs_A,rat0222,rat0307,rat0222__rat0307,16,0.17896548188742586,0.4230431206005197,0.17896548188742584
17,A_vs_A,A_vs_A,rat0222,rat0307,rat0222__rat0307,17,0.3994228984766794,0.6319991285410759,0.3994228984766793
18,A_vs_A,A_vs_A,rat0222,rat0307,rat0222__rat0307,18,0.05080143847891512,0.2253917444781754,0.05080143847891511
19,A_vs_A,A_vs_A,rat0222,rat0307,rat0222__rat0307,19,0.1495490049083257,0.38671566416208886,0.1495490049083255
20,A_vs_B,A_vs_B,rat0222,rat0307,rat0222__rat0307,0,0.6438915221743612,0.8024285153048596,0.6438915221743613
21,A_vs_B,A_vs_B,rat0222,rat0307,rat0222__rat0307,1,0.13081834723543143,0.3616881906220209,0.13081834723543137
22,A_vs_B,A_vs_B,rat0222,rat0307,rat0222__rat0307,2,0.285078198215698,0.5339271469177215,0.2850781982156981
23,A_vs_B,A_vs_B,rat0222,rat0307,rat0222__rat0307,3,0.3696867916055522,0.608018742807779,0.36968679160555223
24,A_vs_B,A_vs_B,rat0222,rat0307,rat0222__rat0307,4,0.3757781686994765,0.6130074785020786,0.37577816869947644
25,A_vs_B,A_vs_B,rat0222,rat0307,rat0222__rat0307,5,0.41238571479094577,0.6421726518553602,0.4123857147909457
26,A_vs_B,A_vs_B,rat0222,rat0307,rat0222__rat0307,6,0.38759531959281746,0.6225715377310607,0.3875953195928174
27,A_vs_B,A_vs_B,rat0222,rat0307,rat0222__rat0307,7,0.09218079981991803,0.3036129111548419,0.0921807998199179
28,A_vs_B,A_vs_B,rat0222,rat0307,rat0222__rat0307,8,0.31247441498807293,0.55899410997619,0.3124744149880728
29,A_vs_B,A_vs_B,rat0222,rat0307,rat0222__rat0307,9,0.45701058080054924,0.6760255770313349,0.4570105808005493
30,A_vs_B,A_vs_B,rat0222,rat0307,rat0222__rat0307,10,0.051690682942211484,0.2273558509082436,0.051690682942211484
31,A_vs_B,A_vs_B,rat0222,rat0307,rat0222__rat0307,11,0.4305402464914319,0.6561556572120917,0.430540246491432
32,A_vs_B,A_vs_B,rat0222,rat0307,rat0222__rat0307,12,0.12906213841304987,0.3592521933308827,0.12906213841304995
33,A_vs_B,A_vs_B,rat0222,rat0307,rat0222__rat0307,13,0.39850290161374974,0.6312708623196145,0.3985029016137495
34,A_vs_B,A_vs_B,rat0222,rat0307,rat0222__rat0307,14,0.2558006276720622,0.5057673651710459,0.2558006276720621
35,A_vs_B,A_vs_B,rat0222,rat0307,rat0222__rat0307,15,0.3795723107648107,0.6160944008549425,0.3795723107648106
36,A_vs_B,A_vs_B,rat0222,rat0307,rat0222__rat0307,16,0.43345247255706637,0.6583710751218241,0.4334524725570665
37,A_vs_B,A_vs_B,rat0222,rat0307,rat0222__rat0307,17,0.45016427885275745,0.6709428283041391,0.4501642788527575
38,A_vs_B,A_vs_B,rat0222,rat0307,rat0222__rat0307,18,0.20373520530090475,0.45137036378223233,0.20373520530090475
39,A_vs_B,A_vs_B,rat0222,rat0307,rat0222__rat0307,19,0.4036955623961962,0.63537041353544,0.40369556239619614
40,B_vs_A,A_vs_B,rat0222,rat0307,rat0222__rat0307,0,0.2568731602572949,0.506826558358276,0.2568731602572948
41,B_vs_A,A_vs_B,rat0222,rat0307,rat0222__rat0307,1,0.23605458205848373,0.48585448650648844,0.23605458205848356
42,B_vs_A,A_vs_B,rat0222,rat0307,rat0222__rat0307,2,0.06380807142664044,0.2526025958430366,0.0638080714266405
43,B_vs_A,A_vs_B,rat0222,rat0307,rat0222__rat0307,3,0.35070144609269843,0.5922005117295142,0.3507014460926984
44,B_vs_A,A_vs_B,rat0222,rat0307,rat0222__rat0307,4,0.1921788731062836,0.43838210856088045,0.1921788731062836
45,B_vs_A,A_vs_B,rat0222,rat0307,rat0222__rat0307,5,0.2696159056452919,0.5192455157681114,0.269615905645292
46,B_vs_A,A_vs_B,rat0222,rat0307,rat0222__rat0307,6,0.23833957013138907,0.488200338110687,0.23833957013138907
47,B_vs_A,A_vs_B,rat0222,rat0307,rat0222__rat0307,7,0.2774092262389989,0.5266965219545303,0.27740922623899905
48,B_vs_A,A_vs_B,rat0222,rat0307,rat0222__rat0307,8,0.2210997036736845,0.4702124027220937,0.2210997036736844
49,B_vs_A,A_vs_B,rat0222,rat0307,rat0222__rat0307,9,0.14482720413457012,0.3805616955692862,0.14482720413457006
50,B_vs_A,A_vs_B,rat0222,rat0307,rat0222__rat0307,10,0.2525289485848937,0.5025225851490596,0.2525289485848938
51,B_vs_A,A_vs_B,rat0222,rat0307,rat0222__rat0307,11,0.6107829532687367,0.7815260413247512,0.6107829532687368
52,B_vs_A,A_vs_B,rat0222,rat0307,rat0222__rat0307,12,0.1680656322096648,0.40995808591813976,0.1680656322096648
53,B_vs_A,A_vs_B,rat0222,rat0307,rat0222__rat0307,13,0.4737387017060824,0.6882867873975806,0.47373870170608245
54,B_vs_A,A_vs_B,rat0222,rat0307,rat0222__rat0307,14,0.26577467821517997,0.5155333919497165,0.26577467821518
55,B_vs_A,A_vs_B,rat0222,rat0307,rat0222__rat0307,15,0.5371008987098908,0.7328716795660005,0.5371008987098905
56,B_vs_A,A_vs_B,rat0222,rat0307,rat0222__rat0307,16,0.07901593760598075,0.2810977367500151,0.07901593760598077
57,B_vs_A,A_vs_B,rat0222,rat0307,rat0222__rat0307,17,0.06068474929752049,0.2463427476048776,0.060684749297520435
58,B_vs_A,A_vs_B,rat0222,rat0307,rat0222__rat0307,18,0.17843190726162217,0.4224120112658045,0.17843190726162217
59,B_vs_A,A_vs_B,rat0222,rat0307,rat0222__rat0307,19,0.26494465542183987,0.5147277488360615,0.2649446554218397
60,B_vs_B,B_vs_B,rat0222,rat0307,rat0222__rat0307,0,0.7543540801612624,0.8685355952183321,0.7543540801612624
61,B_vs_B,B_vs_B,rat0222,rat0307,rat0222__rat0307,1,0.16773104250134196,0.40954980466524693,0.16773104250134194
62,B_vs_B,B_vs_B,rat0222,rat0307,rat0222__rat0307,2,0.12268748864507457,0.35026773851594534,0.12268748864507466
63,B_vs_B,B_vs_B,rat0222,rat0307,rat0222__rat0307,3,0.41266763722974353,0.6423921210831773,0.4126676372297436
64,B_vs_B,B_vs_B,rat0222,rat0307,rat0222__rat0307,4,0.2970647378035228,0.5450364554812117,0.29706473780352294
65,B_vs_B,B_vs_B,rat0222,rat0307,rat0222__rat0307,5,0.5343687447428245,0.731005297342519,0.5343687447428245
66,B_vs_B,B_vs_B,rat0222,rat0307,rat0222__rat0307,6,0.1904689953171541,0.43642753730390826,0.1904689953171542
67,B_vs_B,B_vs_B,rat0222,rat0307,rat0222__rat0307,7,0.07598493570806436,0.2756536517227085,0.07598493570806428
68,B_vs_B,B_vs_B,rat0222,rat0307,rat0222__rat0307,8,0.06746091473837826,0.2597323906223061,0.06746091473837817
69,B_vs_B,B_vs_B,rat0222,rat0307,rat0222__rat0307,9,0.4322690942340033,0.6574717440574944,0.4322690942340033
70,B_vs_B,B_vs_B,rat0222,rat0307,rat0222__rat0307,10,0.0940540020686366,0.3066822493536863,0.09405400206863664
71,B_vs_B,B_vs_B,rat0222,rat0307,rat0222__rat0307,11,0.7862754754608194,0.8867217576335992,0.7862754754608194
72,B_vs_B,B_vs_B,rat0222,rat0307,rat0222__rat0307,12,0.35446588649678984,0.5953703775775128,0.35446588649679
73,B_vs_B,B_vs_B,rat0222,rat0307,rat0222__rat0307,13,0.4082639601660236,0.6389553663332233,0.40826396016602357
74,B_vs_B,B_vs_B,rat0222,rat0307,rat0222__rat0307,14,0.210872525201849,0.45920858572314277,0.21087252520184896
75,B_vs_B,B_vs_B,rat0222,rat0307,rat0222__rat0307,15,0.5591762048970633,0.7477808535239876,0.5591762048970634
76,B_vs_B,B_vs_B,rat0222,rat0307,rat0222__rat0307,16,0.34517191527470026,0.5875133319974111,0.3451719152747002
77,B_vs_B,B_vs_B,rat0222,rat0307,rat0222__rat0307,17,0.5300552926693548,0.7280489630988803,0.5300552926693549
78,B_vs_B,B_vs_B,rat0222,rat0307,rat0222__rat0307,18,0.3598004587570991,0.5998336925824517,0.3598004587570991
79,B_vs_B,B_vs_B,rat0222,rat0307,rat0222__rat0307,19,0.5628145929024478,0.750209699285772,0.5628145929024485
80,A_vs_A,A_vs_A,rat0222,rat0313,rat0222__rat0313,0,0.09261868219113446,0.3043331762906148,0.09261868219113441
81,A_vs_A,A_vs_A,rat0222,rat0313,rat0222__rat0313,1,0.0993618897803982,0.31521721047620194,0.0993618897803982
82,A_vs_A,A_vs_A,rat0222,rat0313,rat0222__rat0313,2,0.3625759340173198,0.602142785406684,0.36257593401731986
83,A_vs_A,A_vs_A,rat0222,rat0313,rat0222__rat0313,3,0.15814136155443873,0.39766991532480656,0.15814136155443884
84,A_vs_A,A_vs_A,rat0222,rat0313,rat0222__rat0313,4,0.13667160171291204,0.3696912248254103,0.13667160171291204
85,A_vs_A,A_vs_A,rat0222,rat0313,rat0222__rat0313,5,0.2275597313257721,0.4770322120420926,0.22755973132577204
86,A_vs_A,A_vs_A,rat0222,rat0313,rat0222__rat0313,6,0.32986376465247585,0.5743376747632667,0.3298637646524758
87,A_vs_A,A_vs_A,rat0222,rat0313,rat0222__rat0313,7,0.1572280260784302,0.39651989367297846,0.15722802607843014
88,A_vs_A,A_vs_A,rat0222,rat0313,rat0222__rat0313,8,0.2188760284922973,0.46784188407227634,0.21887602849229726
89,A_vs_A,A_vs_A,rat0222,rat0313,rat0222__rat0313,9,0.14392907451818113,0.37937985518235035,0.1439290745181811
90,A_vs_A,A_vs_A,rat0222,rat0313,rat0222__rat0313,10,0.14168744700616956,0.3764139304092896,0.14168744700616953
91,A_vs_A,A_vs_A,rat0222,rat0313,rat0222__rat0313,11,0.1765102255273503,0.4201312003735861,0.17651022552735035
92,A_vs_A,A_vs_A,rat0222,rat0313,rat0222__rat0313,12,0.17403447960472085,0.41717439950783264,0.1740344796047208
93,A_vs_A,A_vs_A,rat0222,rat0313,rat0222__rat0313,13,0.40103577382404765,0.6332738537347391,0.40103577382404765
94,A_vs_A,A_vs_A,rat0222,rat0313,rat0222__rat0313,14,0.1306188229011584,0.36141226169176716,0.13061882290115837
95,A_vs_A,A_vs_A,rat0222,rat0313,rat0222__rat0313,15,0.08506499256841023,0.29165903477932986,0.08506499256841035
96,A_vs_A,A_vs_A,rat0222,rat0313,rat0222__rat0313,16,0.1964092507025415,0.4431808329593479,0.1964092507025414
97,A_vs_A,A_vs_A,rat0222,rat0313,rat0222__rat0313,17,0.4364219875764528,0.6606224243669395,0.4364219875764528
98,A_vs_A,A_vs_A,rat0222,rat0313,rat0222__rat0313,18,0.169366736398313,0.4115419011453307,0.16936673639831312
99,A_vs_A,A_vs_A,rat0222,rat0313,rat0222__rat0313,19,0.2003169524308814,0.4475678188061351,0.2003169524308814
100,A_vs_B,A_vs_B,rat0222,rat0313,rat0222__rat0313,0,0.24628144797524418,0.4962675165424835,0.24628144797524412
101,A_vs_B,A_vs_B,rat0222,rat0313,rat0222__rat0313,1,0.10075762877933522,0.31742342191359346,0.1007576287793352
102,A_vs_B,A_vs_B,rat0222,rat0313,rat0222__rat0313,2,0.3154933489198682,0.5616879462120121,0.3154933489198682
103,A_vs_B,A_vs_B,rat0222,rat0313,rat0222__rat0313,3,0.42292914076396243,0.6503300244983024,0.42292914076396254
104,A_vs_B,A_vs_B,rat0222,rat0313,rat0222__rat0313,4,0.18017034307967647,0.4244647724837439,0.18017034307967647
105,A_vs_B,A_vs_B,rat0222,rat0313,rat0222__rat0313,5,0.10913821497008289,0.3303607346070093,0.10913821497008284
106,A_vs_B,A_vs_B,rat0222,rat0313,rat0222__rat0313,6,0.15358100817176304,0.39189412877939767,0.15358100817176307
107,A_vs_B,A_vs_B,rat0222,rat0313,rat0222__rat0313,7,0.08643950864779748,0.2940059670275374,0.0864395086477974
108,A_vs_B,A_vs_B,rat0222,rat0313,rat0222__rat0313,8,0.21854132880211052,0.4674840412271958,0.21854132880211052
109,A_vs_B,A_vs_B,rat0222,rat0313,rat0222__rat0313,9,0.2684246680875838,0.518097160856517,0.26842466808758364
110,A_vs_B,A_vs_B,rat0222,rat0313,rat0222__rat0313,10,0.09887214000658663,0.3144394059379113,0.09887214000658656
111,A_vs_B,A_vs_B,rat0222,rat0313,rat0222__rat0313,11,0.15288999462611205,0.3910115019102534,0.1528899946261121
112,A_vs_B,A_vs_B,rat0222,rat0313,rat0222__rat0313,12,0.2153061384371276,0.4640109249113942,0.2153061384371275
113,A_vs_B,A_vs_B,rat0222,rat0313,rat0222__rat0313,13,0.31440143200900295,0.5607151077053328,0.3144014320090029
114,A_vs_B,A_vs_B,rat0222,rat0313,rat0222__rat0313,14,0.3402721847476501,0.5833285392878101,0.3402721847476502
115,A_vs_B,A_vs_B,rat0222,rat0313,rat0222__rat0313,15,0.055321228787465364,0.23520465298855264,0.055321228787465475
116,A_vs_B,A_vs_B,rat0222,rat0313,rat0222__rat0313,16,0.16295268754214481,0.4036739867047972,0.16295268754214476
117,A_vs_B,A_vs_B,rat0222,rat0313,rat0222__rat0313,17,0.4414148952332138,0.6643906194650958,0.4414148952332138
118,A_vs_B,A_vs_B,rat0222,rat0313,rat0222__rat0313,18,0.04625184839682822,0.21506242906846432,0.04625184839682824
119,A_vs_B,A_vs_B,rat0222,rat0313,rat0222__rat0313,19,0.22693993049898825,0.47638212655282125,0.22693993049898825
120,B_vs_A,A_vs_B,rat0222,rat0313,rat0222__rat0313,0,0.06711172009234355,0.25905929840934777,0.06711172009234351
121,B_vs_A,A_vs_B,rat0222,rat0313,rat0222__rat0313,1,0.17550498067690098,0.4189331458322447,0.17550498067690082
122,B_vs_A,A_vs_B,rat0222,rat0313,rat0222__rat0313,2,0.14323726844784646,0.3784669978318408,0.14323726844784654
123,B_vs_A,A_vs_B,rat0222,rat0313,rat0222__rat0313,3,0.40711157624787836,0.6380529572440506,0.40711157624787836
124,B_vs_A,A_vs_B,rat0222,rat0313,rat0222__rat0313,4,0.037025763092451626,0.1924207969333137,0.03702576309245156
125,B_vs_A,A_vs_B,rat0222,rat0313,rat0222__rat0313,5,0.2757814501210933,0.5251489789774834,0.27578145012109323
126,B_vs_A,A_vs_B,rat0222,rat0313,rat0222__rat0313,6,0.24732930932660774,0.497322138383772,0.24732930932660757
127,B_vs_A,A_vs_B,rat0222,rat0313,rat0222__rat0313,7,0.13297621429667578,0.3646590384135237,0.13297621429667575
128,B_vs_A,A_vs_B,rat0222,rat0313,rat0222__rat0313,8,0.17546823927075625,0.41888929238016603,0.17546823927075622
129,B_vs_A,A_vs_B,rat0222,rat0313,rat0222__rat0313,9,0.16819115396770365,0.41011114830945966,0.16819115396770357
130,B_vs_A,A_vs_B,rat0222,rat0313,rat0222__rat0313,10,0.2813311052959878,0.5304065471843156,0.2813311052959876
131,B_vs_A,A_vs_B,rat0222,rat0313,rat0222__rat0313,11,0.353197453909584,0.5943041762511722,0.35319745390958424
132,B_vs_A,A_vs_B,rat0222,rat0313,rat0222__rat0313,12,0.26847462502935066,0.5181453705567104,0.26847462502935066
133,B_vs_A,A_vs_B,rat0222,rat0313,rat0222__rat0313,13,0.22142172836992785,0.4705547028454055,0.22142172836992788
134,B_vs_A,A_vs_B,rat0222,rat0313,rat0222__rat0313,14,0.2022504907150585,0.44972268201087917,0.20225049071505832
135,B_vs_A,A_vs_B,rat0222,rat0313,rat0222__rat0313,15,0.2232564667110337,0.4725002293237895,0.22325646671103364
136,B_vs_A,A_vs_B,rat0222,rat0313,rat0222__rat0313,16,0.04331104912209468,0.20811306811945934,0.04331104912209472
137,B_vs_A,A_vs_B,rat0222,rat0313,rat0222__rat0313,17,0.26940922500171144,0.5190464574599382,0.2694092250017115
138,B_vs_A,A_vs_B,rat0222,rat0313,rat0222__rat0313,18,0.1075446288559922,0.32793997752026544,0.1075446288559922
139,B_vs_A,A_vs_B,rat0222,rat0313,rat0222__rat0313,19,0.2976974491325884,0.5456165770324324,0.2976974491325883
140,B_vs_B,B_vs_B,rat0222,rat0313,rat0222__rat0313,0,0.31180480819226053,0.5583948497186024,0.3118048081922606
141,B_vs_B,B_vs_B,rat0222,rat0313,rat0222__rat0313,1,0.10582733970734082,0.32531114291911495,0.10582733970734083
142,B_vs_B,B_vs_B,rat0222,rat0313,rat0222__rat0313,2,0.14735998950872647,0.383874965983361,0.14735998950872653
143,B_vs_B,B_vs_B,rat0222,rat0313,rat0222__rat0313,3,0.33824963958160287,0.5815923310890566,0.3382496395816028
144,B_vs_B,B_vs_B,rat0222,rat0313,rat0222__rat0313,4,0.1116302866414942,0.33411118903965825,0.11163028664149428
145,B_vs_B,B_vs_B,rat0222,rat0313,rat0222__rat0313,5,0.317759997222936,0.5637020464952527,0.3177599972229361
146,B_vs_B,B_vs_B,rat0222,rat0313,rat0222__rat0313,6,0.15304040875827674,0.3912037944067988,0.15304040875827687
147,B_vs_B,B_vs_B,rat0222,rat0313,rat0222__rat0313,7,0.09589989575863182,0.30967708303752767,0.09589989575863181
148,B_vs_B,B_vs_B,rat0222,rat0313,rat0222__rat0313,8,0.3068313572161868,0.5539236023281429,0.3068313572161866
149,B_vs_B,B_vs_B,rat0222,rat0313,rat0222__rat0313,9,0.2914925108791664,0.5399004638627073,0.2914925108791664
150,B_vs_B,B_vs_B,rat0222,rat0313,rat0222__rat0313,10,0.19856915072334294,0.44561098586473713,0.19856915072334297
151,B_vs_B,B_vs_B,rat0222,rat0313,rat0222__rat0313,11,0.5420733493669104,0.7362563068435548,0.5420733493669107
152,B_vs_B,B_vs_B,rat0222,rat0313,rat0222__rat0313,12,0.28923295739677773,0.537803827986356,0.28923295739677785
153,B_vs_B,B_vs_B,rat0222,rat0313,rat0222__rat0313,13,0.2756739053646306,0.5250465744718564,0.2756739053646307
154,B_vs_B,B_vs_B,rat0222,rat0313,rat0222__rat0313,14,0.17457935876279962,0.41782694834440687,0.17457935876279965
155,B_vs_B,B_vs_B,rat0222,rat0313,rat0222__rat0313,15,0.45549134671555225,0.6749009903056539,0.45549134671555225
156,B_vs_B,B_vs_B,rat0222,rat0313,rat0222__rat0313,16,0.03397460642429238,0.18432201828401407,0.03397460642429242
157,B_vs_B,B_vs_B,rat0222,rat0313,rat0222__rat0313,17,0.1465096139265943,0.3827657428853766,0.14650961392659428
158,B_vs_B,B_vs_B,rat0222,rat0313,rat0222__rat0313,18,0.06003336981344846,0.24501708065652975,0.06003336981344841
159,B_vs_B,B_vs_B,rat0222,rat0313,rat0222__rat0313,19,0.19938339743994643,0.44652368071575604,0.19938339743994646
160,A_vs_A,A_vs_A,rat0222,rat0314,rat0222__rat0314,0,0.17240975676897383,0.41522253884992066,0.17240975676897388
161,A_vs_A,A_vs_A,rat0222,rat0314,rat0222__rat0314,1,0.22232162410570122,0.47150994062235985,0.22232162410570136
162,A_vs_A,A_vs_A,rat0222,rat0314,rat0222__rat0314,2,0.4160592762995422,0.6450265702275698,0.4160592762995421
163,A_vs_A,A_vs_A,rat0222,rat0314,rat0222__rat0314,3,0.4920899487599399,0.7014912321333315,0.49208994875993967
164,A_vs_A,A_vs_A,rat0222,rat0314,rat0222__rat0314,4,0.13797101572778098,0.3714444988524946,0.13797101572778087
165,A_vs_A,A_vs_A,rat0222,rat0314,rat0222__rat0314,5,0.16135857796855752,0.40169463273556133,0.16135857796855752
166,A_vs_A,A_vs_A,rat0222,rat0314,rat0222__rat0314,6,0.22036685072476517,0.46943247727949644,0.2203668507247649
167,A_vs_A,A_vs_A,rat0222,rat0314,rat0222__rat0314,7,0.331874376321685,0.5760853897832204,0.331874376321685
168,A_vs_A,A_vs_A,rat0222,rat0314,rat0222__rat0314,8,0.12313966344958177,0.350912615118895,0.12313966344958174
169,A_vs_A,A_vs_A,rat0222,rat0314,rat0222__rat0314,9,0.29930491208873944,0.5470876639888159,0.29930491208873955
170,A_vs_A,A_vs_A,rat0222,rat0314,rat0222__rat0314,10,0.11700288972085186,0.3420568515917378,0.11700288972085217
171,A_vs_A,A_vs_A,rat0222,rat0314,rat0222__rat0314,11,0.28295952945337244,0.5319394039299706,0.2829595294533725
172,A_vs_A,A_vs_A,rat0222,rat0314,rat0222__rat0314,12,0.20091844570810088,0.4482392728310416,0.20091844570810097
173,A_vs_A,A_vs_A,rat0222,rat0314,rat0222__rat0314,13,0.3322604712498351,0.5764203945471005,0.33226047124983493
174,A_vs_A,A_vs_A,rat0222,rat0314,rat0222__rat0314,14,0.1626192599071555,0.403260783993628,0.1626192599071555
175,A_vs_A,A_vs_A,rat0222,rat0314,rat0222__rat0314,15,0.15054805874394162,0.38800523030487816,0.1505480587439416
176,A_vs_A,A_vs_A,rat0222,rat0314,rat0222__rat0314,16,0.1642197203231966,0.40524032415740247,0.1642197203231966
177,A_vs_A,A_vs_A,rat0222,rat0314,rat0222__rat0314,17,0.4723140141620575,0.6872510561374623,0.47231401416205737
178,A_vs_A,A_vs_A,rat0222,rat0314,rat0222__rat0314,18,0.09991639328399991,0.31609554454942873,0.0999163932839999
179,A_vs_A,A_vs_A,rat0222,rat0314,rat0222__rat0314,19,0.20065441895341918,0.44794466059259946,0.20065441895341918
180,A_vs_B,A_vs_B,rat0222,rat0314,rat0222__rat0314,0,0.18290240139047945,0.42767090313754036,0.1829024013904794
181,A_vs_B,A_vs_B,rat0222,rat0314,rat0222__rat0314,1,0.19963922565695272,0.44681005545640157,0.19963922565695266
182,A_vs_B,A_vs_B,rat0222,rat0314,rat0222__rat0314,2,0.2865089273253741,0.5352652868675253,0.28650892732537414
183,A_vs_B,A_vs_B,rat0222,rat0314,rat0222__rat0314,3,0.5107883187908806,0.7146945632862198,0.5107883187908806
184,A_vs_B,A_vs_B,rat0222,rat0314,rat0222__rat0314,4,0.21208146342557344,0.4605230324593695,0.21208146342557352
185,A_vs_B,A_vs_B,rat0222,rat0314,rat0222__rat0314,5,0.21565031258907563,0.4643816454050221,0.21565031258907566
186,A_vs_B,A_vs_B,rat0222,rat0314,rat0222__rat0314,6,0.08914617661375394,0.2985735698513081,0.08914617661375394
187,A_vs_B,A_vs_B,rat0222,rat0314,rat0222__rat0314,7,0.19230297495725637,0.438523631013491,0.1923029749572564
188,A_vs_B,A_vs_B,rat0222,rat0314,rat0222__rat0314,8,0.1767586300355461,0.4204267237409465,0.17675863003554615
189,A_vs_B,A_vs_B,rat0222,rat0314,rat0222__rat0314,9,0.22049295526957616,0.46956677402641717,0.22049295526957632
190,A_vs_B,A_vs_B,rat0222,rat0314,rat0222__rat0314,10,0.14257077089759349,0.37758544847172465,0.14257077089759343
191,A_vs_B,A_vs_B,rat0222,rat0314,rat0222__rat0314,11,0.3480794689169635,0.5899826005205269,0.34807946891696356
192,A_vs_B,A_vs_B,rat0222,rat0314,rat0222__rat0314,12,0.22171050801893039,0.47086145310370264,0.2217105080189304
193,A_vs_B,A_vs_B,rat0222,rat0314,rat0222__rat0314,13,0.4741736099315526,0.6886026502501662,0.4741736099315526
194,A_vs_B,A_vs_B,rat0222,rat0314,rat0222__rat0314,14,0.20619404715171735,0.45408594687758985,0.20619404715171735
195,A_vs_B,A_vs_B,rat0222,rat0314,rat0222__rat0314,15,0.13810562214731037,0.3716256478599269,0.1381056221473104
196,A_vs_B,A_vs_B,rat0222,rat0314,rat0222__rat0314,16,0.22000359621492188,0.46904540954466434,0.22000359621492185
197,A_vs_B,A_vs_B,rat0222,rat0314,rat0222__rat0314,17,0.5818960696559915,0.7628211255962903,0.5818960696559914
198,A_vs_B,A_vs_B,rat0222,rat0314,rat0222__rat0314,18,0.21928217865343513,0.4682757506570623,0.2192821786534352
199,A_vs_B,A_vs_B,rat0222,rat0314,rat0222__rat0314,19,0.2896438305862897,0.5381856841149618,0.2896438305862895
200,B_vs_A,A_vs_B,rat0222,rat0314,rat0222__rat0314,0,0.14851466906040436,0.3853760099700089,0.1485146690604044
201,B_vs_A,A_vs_B,rat0222,rat0314,rat0222__rat0314,1,0.05001806923944282,0.22364719814798203,0.050018069239442735
202,B_vs_A,A_vs_B,rat0222,rat0314,rat0222__rat0314,2,0.23374839798134897,0.483475333374257,0.23374839798134894
203,B_vs_A,A_vs_B,rat0222,rat0314,rat0222__rat0314,3,0.4356431544381833,0.6600326919465301,0.4356431544381832
204,B_vs_A,A_vs_B,rat0222,rat0314,rat0222__rat0314,4,0.20431022709396646,0.4520068883257936,0.20431022709396648
205,B_vs_A,A_vs_B,rat0222,rat0314,rat0222__rat0314,5,0.42436836860797433,0.6514356212305056,0.42436836860797467
206,B_vs_A,A_vs_B,rat0222,rat0314,rat0222__rat0314,6,0.23422971832147965,0.4839728487441002,0.2342297183214796
207,B_vs_A,A_vs_B,rat0222,rat0314,rat0222__rat0314,7,0.281665313380315,0.5307215026549376,0.28166531338031486
208,B_vs_A,A_vs_B,rat0222,rat0314,rat0222__rat0314,8,0.19603256099393998,0.44275564479060003,0.19603256099393995
209,B_vs_A,A_vs_B,rat0222,rat0314,rat0222__rat0314,9,0.34694104923347874,0.5890170194769238,0.34694104923347874
210,B_vs_A,A_vs_B,rat0222,rat0314,rat0222__rat0314,10,0.2787437100868336,0.5279618452945566,0.2787437100868333
211,B_vs_A,A_vs_B,rat0222,rat0314,rat0222__rat0314,11,0.4227084960032427,0.6501603617594991,0.42270849600324273
212,B_vs_A,A_vs_B,rat0222,rat0314,rat0222__rat0314,12,0.2798992347418327,0.5290550394257981,0.27989923474183276
213,B_vs_A,A_vs_B,rat0222,rat0314,rat0222__rat0314,13,0.33866368504847305,0.5819481807244293,0.3386636850484731
214,B_vs_A,A_vs_B,rat0222,rat0314,rat0222__rat0314,14,0.1836996442153872,0.42860196478246265,0.18369964421538734
215,B_vs_A,A_vs_B,rat0222,rat0314,rat0222__rat0314,15,0.26956517392595986,0.5191966620905413,0.26956517392595974
216,B_vs_A,A_vs_B,rat0222,rat0314,rat0222__rat0314,16,0.045199552705040516,0.21260186430283368,0.04519955270504051
217,B_vs_A,A_vs_B,rat0222,rat0314,rat0222__rat0314,17,0.06987407900321749,0.2643370556755474,0.06987407900321745
218,B_vs_A,A_vs_B,rat0222,rat0314,rat0222__rat0314,18,0.13180399100256668,0.36304819377400377,0.1318039910025666
219,B_vs_A,A_vs_B,rat0222,rat0314,rat0222__rat0314,19,0.4708372525544883,0.6861758175238238,0.47083725255448805
220,B_vs_B,B_vs_B,rat0222,rat0314,rat0222__rat0314,0,0.12357334037646862,0.35152999925535316,0.12357334037646858
221,B_vs_B,B_vs_B,rat0222,rat0314,rat0222__rat0314,1,0.20324661144587713,0.4508288050312193,0.20324661144587716
222,B_vs_B,B_vs_B,rat0222,rat0314,rat0222__rat0314,2,0.231158554354123,0.48078951148514354,0.23115855435412297
223,B_vs_B,B_vs_B,rat0222,rat0314,rat0222__rat0314,3,0.428664105440433,0.6547244500096455,0.4286641054404329
224,B_vs_B,B_vs_B,rat0222,rat0314,rat0222__rat0314,4,0.3205262966279928,0.5661504187298575,0.320526296627993
225,B_vs_B,B_vs_B,rat0222,rat0314,rat0222__rat0314,5,0.5923554800859875,0.7696463344198995,0.5923554800859877
226,B_vs_B,B_vs_B,rat0222,rat0314,rat0222__rat0314,6,0.14043842876658574,0.37475115579086027,0.14043842876658558
227,B_vs_B,B_vs_B,rat0222,rat0314,rat0222__rat0314,7,0.3083092013762017,0.5552559782444505,0.30830920137620166
228,B_vs_B,B_vs_B,rat0222,rat0314,rat0222__rat0314,8,0.24307609267517738,0.49302747659250934,0.2430760926751773
229,B_vs_B,B_vs_B,rat0222,rat0314,rat0222__rat0314,9,0.32274819515402303,0.5681093162006967,0.32274819515402314
230,B_vs_B,B_vs_B,rat0222,rat0314,rat0222__rat0314,10,0.1841701698149952,0.4291505211636067,0.18417016981499523
231,B_vs_B,B_vs_B,rat0222,rat0314,rat0222__rat0314,11,0.2674958686142385,0.5172000276626428,0.26749586861423846
232,B_vs_B,B_vs_B,rat0222,rat0314,rat0222__rat0314,12,0.3509591005664971,0.5924180116830493,0.3509591005664974
233,B_vs_B,B_vs_B,rat0222,rat0314,rat0222__rat0314,13,0.6049494519902531,0.7777849651351285,0.6049494519902531
234,B_vs_B,B_vs_B,rat0222,rat0314,rat0222__rat0314,14,0.17553970973312233,0.41897459318331265,0.17553970973312233
235,B_vs_B,B_vs_B,rat0222,rat0314,rat0222__rat0314,15,0.4119948618591343,0.6418682589590594,0.4119948618591342
236,B_vs_B,B_vs_B,rat0222,rat0314,rat0222__rat0314,16,0.059872976175591314,0.24468955060564257,0.059872976175591314
237,B_vs_B,B_vs_B,rat0222,rat0314,rat0222__rat0314,17,0.250105214789361,0.5001052037215379,0.250105214789361
238,B_vs_B,B_vs_B,rat0222,rat0314,rat0222__rat0314,18,0.14770352117769345,0.384322158062339,0.14770352117769348
239,B_vs_B,B_vs_B,rat0222,rat0314,rat0222__rat0314,19,0.49396684482307923,0.7028277490417401,0.4939668448230791
240,A_vs_A,A_vs_A,rat0222,rat0816,rat0222__rat0816,0,0.1350086602394252,0.3674352463216142,0.13500866023942526
241,A_vs_A,A_vs_A,rat0222,rat0816,rat0222__rat0816,1,0.11729735339798039,0.34248701201356596,0.1172973533979805
242,A_vs_A,A_vs_A,rat0222,rat0816,rat0222__rat0816,2,0.4292255777248061,0.6551530948753933,0.42922557772480613
243,A_vs_A,A_vs_A,rat0222,rat0816,rat0222__rat0816,3,0.25303765292125224,0.5030284812227358,0.2530376529212523
244,A_vs_A,A_vs_A,rat0222,rat0816,rat0222__rat0816,4,0.06492582171752886,0.25480545857090425,0.0649258217175288
245,A_vs_A,A_vs_A,rat0222,rat0816,rat0222__rat0816,5,0.29794461870851663,0.5458430348630605,0.2979446187085163
246,A_vs_A,A_vs_A,rat0222,rat0816,rat0222__rat0816,6,0.15811268733186234,0.3976338608970095,0.15811268733186226
247,A_vs_A,A_vs_A,rat0222,rat0816,rat0222__rat0816,7,0.12229909707489617,0.34971287805126094,0.1222990970748961
248,A_vs_A,A_vs_A,rat0222,rat0816,rat0222__rat0816,8,0.06985558811626982,0.26430207739681094,0.06985558811626984
249,A_vs_A,A_vs_A,rat0222,rat0816,rat0222__rat0816,9,0.27928647999368245,0.5284756191099855,0.27928647999368256
250,A_vs_A,A_vs_A,rat0222,rat0816,rat0222__rat0816,10,0.12678182283837341,0.3560643521027812,0.12678182283837336
251,A_vs_A,A_vs_A,rat0222,rat0816,rat0222__rat0816,11,0.24954220318394177,0.499541993413909,0.24954220318394188
252,A_vs_A,A_vs_A,rat0222,rat0816,rat0222__rat0816,12,0.2105930120777128,0.458904142580684,0.21059301207771278
253,A_vs_A,A_vs_A,rat0222,rat0816,rat0222__rat0816,13,0.2809453517347069,0.5300427829286114,0.28094535173470697
254,A_vs_A,A_vs_A,rat0222,rat0816,rat0222__rat0816,14,0.10920804391834042,0.330466403615164,0.10920804391834046
255,A_vs_A,A_vs_A,rat0222,rat0816,rat0222__rat0816,15,0.10577217428019474,0.3252263431522649,0.10577217428019478
256,A_vs_A,A_vs_A,rat0222,rat0816,rat0222__rat0816,16,0.09658501555490669,0.3107812985926065,0.09658501555490681
257,A_vs_A,A_vs_A,rat0222,rat0816,rat0222__rat0816,17,0.3874100753019007,0.6224227464528433,0.38741007530190047
258,A_vs_A,A_vs_A,rat0222,rat0816,rat0222__rat0816,18,0.12384445696287237,0.3519154116586433,0.12384445696287237
259,A_vs_A,A_vs_A,rat0222,rat0816,rat0222__rat0816,19,0.15919701833245659,0.39899501041047675,0.15919701833245647
260,A_vs_B,A_vs_B,rat0222,rat0816,rat0222__rat0816,0,0.04836292258061974,0.21991571699316936,0.048362922580619756
261,A_vs_B,A_vs_B,rat0222,rat0816,rat0222__rat0816,1,0.09472087741043833,0.30776757043333575,0.0947208774104383
262,A_vs_B,A_vs_B,rat0222,rat0816,rat0222__rat0816,2,0.32654207452931105,0.5714386008394177,0.3265420745293113
263,A_vs_B,A_vs_B,rat0222,rat0816,rat0222__rat0816,3,0.3772427957156011,0.614200940829303,0.37724279571560104
264,A_vs_B,A_vs_B,rat0222,rat0816,rat0222__rat0816,4,0.06767649494116626,0.2601470640640909,0.06767649494116623
265,A_vs_B,A_vs_B,rat0222,rat0816,rat0222__rat0816,5,0.2518311763778262,0.5018278353955927,0.25183117637782615
266,A_vs_B,A_vs_B,rat0222,rat0816,rat0222__rat0816,6,0.056507871890127896,0.2377138445487092,0.05650787189012787
267,A_vs_B,A_vs_B,rat0222,rat0816,rat0222__rat0816,7,0.2466059937227825,0.49659439558132623,0.24660599372278266
268,A_vs_B,A_vs_B,rat0222,rat0816,rat0222__rat0816,8,0.11238329964906202,0.3352361848742794,0.11238329964906207
269,A_vs_B,A_vs_B,rat0222,rat0816,rat0222__rat0816,9,0.2466839486709643,0.49667287893639245,0.24668394867096435
270,A_vs_B,A_vs_B,rat0222,rat0816,rat0222__rat0816,10,0.05500076851531973,0.2345224264656149,0.05500076851531975
271,A_vs_B,A_vs_B,rat0222,rat0816,rat0222__rat0816,11,0.09733865333575704,0.31199143151015707,0.09733865333575702
272,A_vs_B,A_vs_B,rat0222,rat0816,rat0222__rat0816,12,0.2924311828665995,0.5407690661147321,0.2924311828665995
273,A_vs_B,A_vs_B,rat0222,rat0816,rat0222__rat0816,13,0.4045331651593744,0.6360292172214845,0.4045331651593743
274,A_vs_B,A_vs_B,rat0222,rat0816,rat0222__rat0816,14,0.12238946610002872,0.3498420587922908,0.12238946610002863
275,A_vs_B,A_vs_B,rat0222,rat0816,rat0222__rat0816,15,0.08982576550041027,0.29970946848641633,0.08982576550041019
276,A_vs_B,A_vs_B,rat0222,rat0816,rat0222__rat0816,16,0.10178764096936355,0.3190417542726399,0.10178764096936355
277,A_vs_B,A_vs_B,rat0222,rat0816,rat0222__rat0816,17,0.430733770317963,0.6563031085694803,0.43073377031796306
278,A_vs_B,A_vs_B,rat0222,rat0816,rat0222__rat0816,18,0.1124489740630781,0.33533412302221516,0.11244897406307812
279,A_vs_B,A_vs_B,rat0222,rat0816,rat0222__rat0816,19,0.2257258666599625,0.47510616356764146,0.2257258666599625
280,B_vs_A,A_vs_B,rat0222,rat0816,rat0222__rat0816,0,0.13472572380953743,0.3670500290281114,0.1347257238095374
281,B_vs_A,A_vs_B,rat0222,rat0816,rat0222__rat0816,1,0.06993596066375242,0.2644540804445117,0.06993596066375227
282,B_vs_A,A_vs_B,rat0222,rat0816,rat0222__rat0816,2,0.18539626541167176,0.4305766661254087,0.18539626541167165
283,B_vs_A,A_vs_B,rat0222,rat0816,rat0222__rat0816,3,0.40387302058212093,0.6355100475854971,0.4038730205821209
284,B_vs_A,A_vs_B,rat0222,rat0816,rat0222__rat0816,4,0.14935821049071785,0.38646889977166077,0.14935821049071796
285,B_vs_A,A_vs_B,rat0222,rat0816,rat0222__rat0816,5,0.29828181175884566,0.546151821162253,0.29828181175884566
286,B_vs_A,A_vs_B,rat0222,rat0816,rat0222__rat0816,6,0.12723276614415652,0.3566970228978039,0.1272327661441564
287,B_vs_A,A_vs_B,rat0222,rat0816,rat0222__rat0816,7,0.1336565909827608,0.36559074247409606,0.1336565909827608
288,B_vs_A,A_vs_B,rat0222,rat0816,rat0222__rat0816,8,0.1440588201627589,0.37955081367685,0.14405882016275892
289,B_vs_A,A_vs_B,rat0222,rat0816,rat0222__rat0816,9,0.2710951150506586,0.5206679508579904,0.27109511505065875
290,B_vs_A,A_vs_B,rat0222,rat0816,rat0222__rat0816,10,0.2025060884688006,0.4500067649144851,0.20250608846880064
291,B_vs_A,A_vs_B,rat0222,rat0816,rat0222__rat0816,11,0.5628986474578658,0.7502657179012419,0.5628986474578659
292,B_vs_A,A_vs_B,rat0222,rat0816,rat0222__rat0816,12,0.18574642139431874,0.43098308713256805,0.1857464213943187
293,B_vs_A,A_vs_B,rat0222,rat0816,rat0222__rat0816,13,0.24535427577986224,0.4953324901314895,0.24535427577986216
294,B_vs_A,A_vs_B,rat0222,rat0816,rat0222__rat0816,14,0.25338014140891124,0.5033687926450262,0.25338014140891135
295,B_vs_A,A_vs_B,rat0222,rat0816,rat0222__rat0816,15,0.37228520514069574,0.610151788607307,0.3722852051406958
296,B_vs_A,A_vs_B,rat0222,rat0816,rat0222__rat0816,16,0.1051715112446905,0.3243015745331658,0.10517151124469053
297,B_vs_A,A_vs_B,rat0222,rat0816,rat0222__rat0816,17,0.06457860901282496,0.25412321620195377,0.06457860901282497
298,B_vs_A,A_vs_B,rat0222,rat0816,rat0222__rat0816,18,0.1403860180129457,0.3746812218579221,0.14038601801294542
299,B_vs_A,A_vs_B,rat0222,rat0816,rat0222__rat0816,19,0.25287338756544253,0.502865178318645,0.2528733875654426
300,B_vs_B,B_vs_B,rat0222,rat0816,rat0222__rat0816,0,0.11691570300412546,0.34192938306633647,0.11691570300412545
301,B_vs_B,B_vs_B,rat0222,rat0816,rat0222__rat0816,1,0.09147799902225097,0.3024533005643201,0.09147799902225098
302,B_vs_B,B_vs_B,rat0222,rat0816,rat0222__rat0816,2,0.07983709180763889,0.28255458199724687,0.0798370918076389
303,B_vs_B,B_vs_B,rat0222,rat0816,rat0222__rat0816,3,0.27340796997179756,0.522884279713779,0.27340796997179756
304,B_vs_B,B_vs_B,rat0222,rat0816,rat0222__rat0816,4,0.10757404998145334,0.3279848319380842,0.10757404998145335
305,B_vs_B,B_vs_B,rat0222,rat0816,rat0222__rat0816,5,0.35665539391739226,0.5972063244117499,0.35665539391739226
306,B_vs_B,B_vs_B,rat0222,rat0816,rat0222__rat0816,6,0.2040713819188113,0.4517426058263836,0.20407138191881133
307,B_vs_B,B_vs_B,rat0222,rat0816,rat0222__rat0816,7,0.1815050104902808,0.4260340485105395,0.1815050104902807
308,B_vs_B,B_vs_B,rat0222,rat0816,rat0222__rat0816,8,0.10245107424518674,0.3200797935596478,0.10245107424518674
309,B_vs_B,B_vs_B,rat0222,rat0816,rat0222__rat0816,9,0.278112090201087,0.527363337937979,0.2781120902010869
310,B_vs_B,B_vs_B,rat0222,rat0816,rat0222__rat0816,10,0.16269360885455467,0.40335295815768435,0.16269360885455467
311,B_vs_B,B_vs_B,rat0222,rat0816,rat0222__rat0816,11,0.5680637033243738,0.7537000088393085,0.5680637033243738
312,B_vs_B,B_vs_B,rat0222,rat0816,rat0222__rat0816,12,0.42867895817265883,0.6547357926466669,0.42867895817265905
313,B_vs_B,B_vs_B,rat0222,rat0816,rat0222__rat0816,13,0.18457562086975918,0.42962264939101985,0.18457562086975915
314,B_vs_B,B_vs_B,rat0222,rat0816,rat0222__rat0816,14,0.15541841645036383,0.39423142499091024,0.15541841645036367
315,B_vs_B,B_vs_B,rat0222,rat0816,rat0222__rat0816,15,0.26034984290457874,0.5102448852311786,0.26034984290457863
316,B_vs_B,B_vs_B,rat0222,rat0816,rat0222__rat0816,16,0.031878853100583415,0.17854650122750487,0.0318788531005834
317,B_vs_B,B_vs_B,rat0222,rat0816,rat0222__rat0816,17,0.21885103388407198,0.46781517064335565,0.21885103388407204
318,B_vs_B,B_vs_B,rat0222,rat0816,rat0222__rat0816,18,0.07978892620122484,0.2824693367451144,0.07978892620122481
319,B_vs_B,B_vs_B,rat0222,rat0816,rat0222__rat0816,19,0.18612458495439654,0.43142158610157244,0.1861245849543965
320,A_vs_A,A_vs_A,rat0307,rat0313,rat0307__rat0313,0,0.21540920949130804,0.46412197695358937,0.21540920949130815
321,A_vs_A,A_vs_A,rat0307,rat0313,rat0307__rat0313,1,0.06607538599583003,0.25705132949632836,0.06607538599582997
322,A_vs_A,A_vs_A,rat0307,rat0313,rat0307__rat0313,2,0.1408226761392196,0.3752634756264186,0.14082267613921964
323,A_vs_A,A_vs_A,rat0307,rat0313,rat0307__rat0313,3,0.07174254591683514,0.2678479903169615,0.0717425459168351
324,A_vs_A,A_vs_A,rat0307,rat0313,rat0307__rat0313,4,0.12818281590864608,0.3580262782375702,0.12818281590864603
325,A_vs_A,A_vs_A,rat0307,rat0313,rat0307__rat0313,5,0.08152157981836572,0.2855198413742305,0.08152157981836573
326,A_vs_A,A_vs_A,rat0307,rat0313,rat0307__rat0313,6,0.14864702731960644,0.38554769785281606,0.14864702731960633
327,A_vs_A,A_vs_A,rat0307,rat0313,rat0307__rat0313,7,0.14169040757692955,0.37641786298863344,0.1416904075769296
328,A_vs_A,A_vs_A,rat0307,rat0313,rat0307__rat0313,8,0.1793331823460721,0.42347748741352487,0.1793331823460721
329,A_vs_A,A_vs_A,rat0307,rat0313,rat0307__rat0313,9,0.1199430439388753,0.34632794276361156,0.11994304393887541
330,A_vs_A,A_vs_A,rat0307,rat0313,rat0307__rat0313,10,0.0727752484475975,0.269768879687034,0.07277524844759745
331,A_vs_A,A_vs_A,rat0307,rat0313,rat0307__rat0313,11,0.1819320766789383,0.42653496536501945,0.18193207667893835
332,A_vs_A,A_vs_A,rat0307,rat0313,rat0307__rat0313,12,0.17363502280075876,0.4166953597062952,0.1736350228007587
333,A_vs_A,A_vs_A,rat0307,rat0313,rat0307__rat0313,13,0.39243798944649494,0.6264487125427708,0.3924379894464951
334,A_vs_A,A_vs_A,rat0307,rat0313,rat0307__rat0313,14,0.08150854157882416,0.2854970080032787,0.08150854157882417
335,A_vs_A,A_vs_A,rat0307,rat0313,rat0307__rat0313,15,0.3253526253884672,0.5703969016294419,0.32535262538846726
336,A_vs_A,A_vs_A,rat0307,rat0313,rat0307__rat0313,16,0.0460955325145964,0.21469870170682548,0.04609553251459642
337,A_vs_A,A_vs_A,rat0307,rat0313,rat0307__rat0313,17,0.16590136255977792,0.40730990972449704,0.16590136255977792
338,A_vs_A,A_vs_A,rat0307,rat0313,rat0307__rat0313,18,0.17040015528095026,0.4127955368956286,0.17040015528095023
339,A_vs_A,A_vs_A,rat0307,rat0313,rat0307__rat0313,19,0.06790173648783586,0.26057961640895067,0.06790173648783589
340,A_vs_B,A_vs_B,rat0307,rat0313,rat0307__rat0313,0,0.31044605133545955,0.5571768582195957,0.31044605133545944
341,A_vs_B,A_vs_B,rat0307,rat0313,rat0307__rat0313,1,0.06693769970225011,0.2587232105982186,0.06693769970225019
342,A_vs_B,A_vs_B,rat0307,rat0313,rat0307__rat0313,2,0.12310653775229176,0.3508654125904857,0.12310653775229176
343,A_vs_B,A_vs_B,rat0307,rat0313,rat0307__rat0313,3,0.13966622457951922,0.3737194463491553,0.1396662245795192
344,A_vs_B,A_vs_B,rat0307,rat0313,rat0307__rat0313,4,0.3039378986980043,0.551305630932611,0.30393789869800425
345,A_vs_B,A_vs_B,rat0307,rat0313,rat0307__rat0313,5,0.03732714598623395,0.19320234467064298,0.03732714598623393
346,A_vs_B,A_vs_B,rat0307,rat0313,rat0307__rat0313,6,0.07798953715040405,0.2792660687416285,0.07798953715040398
347,A_vs_B,A_vs_B,rat0307,rat0313,rat0307__rat0313,7,0.1352431447689125,0.36775419068844406,0.13524314476891247
348,A_vs_B,A_vs_B,rat0307,rat0313,rat0307__rat0313,8,0.17782993342185738,0.4216988658057516,0.17782993342185735
349,A_vs_B,A_vs_B,rat0307,rat0313,rat0307__rat0313,9,0.11018296659283675,0.3319381969476198,0.11018296659283683
350,A_vs_B,A_vs_B,rat0307,rat0313,rat0307__rat0313,10,0.043104051542216956,0.2076151524870403,0.043104051542217
351,A_vs_B,A_vs_B,rat0307,rat0313,rat0307__rat0313,11,0.07942576597024492,0.2818257723669803,0.079425765970245
352,A_vs_B,A_vs_B,rat0307,rat0313,rat0307__rat0313,12,0.09417044439646359,0.3068720326071826,0.09417044439646374
353,A_vs_B,A_vs_B,rat0307,rat0313,rat0307__rat0313,13,0.21364257400138326,0.4622148569673884,0.21364257400138334
354,A_vs_B,A_vs_B,rat0307,rat0313,rat0307__rat0313,14,0.16766629895135177,0.4094707546960487,0.16766629895135168
355,A_vs_B,A_vs_B,rat0307,rat0313,rat0307__rat0313,15,0.20441940369499978,0.4521276409322922,0.20441940369499975
356,A_vs_B,A_vs_B,rat0307,rat0313,rat0307__rat0313,16,0.06661477702352035,0.258098386324906,0.06661477702352041
357,A_vs_B,A_vs_B,rat0307,rat0313,rat0307__rat0313,17,0.0884923713267489,0.2974766735842474,0.08849237132674889
358,A_vs_B,A_vs_B,rat0307,rat0313,rat0307__rat0313,18,0.07533123471882482,0.27446536160110413,0.07533123471882483
359,A_vs_B,A_vs_B,rat0307,rat0313,rat0307__rat0313,19,0.06344602261448577,0.2518849392371163,0.06344602261448577
360,B_vs_A,A_vs_B,rat0307,rat0313,rat0307__rat0313,0,0.7231125290157554,0.8503602348509456,0.7231125290157553
361,B_vs_A,A_vs_B,rat0307,rat0313,rat0307__rat0313,1,0.2866559742940285,0.535402628209863,0.2866559742940288
362,B_vs_A,A_vs_B,rat0307,rat0313,rat0307__rat0313,2,0.15956957394753613,0.39946160509808215,0.15956957394753615
363,B_vs_A,A_vs_B,rat0307,rat0313,rat0307__rat0313,3,0.13007005178711645,0.36065225881327356,0.13007005178711645
364,B_vs_A,A_vs_B,rat0307,rat0313,rat0307__rat0313,4,0.29918199005473073,0.5469753102789291,0.29918199005473073
365,B_vs_A,A_vs_B,rat0307,rat0313,rat0307__rat0313,5,0.4665706101696395,0.6830597412888859,0.46657061016963974
366,B_vs_A,A_vs_B,rat0307,rat0313,rat0307__rat0313,6,0.4944775002884358,0.7031909415574379,0.49447750028843607
367,B_vs_A,A_vs_B,rat0307,rat0313,rat0307__rat0313,7,0.08636173121801194,0.29387366540405074,0.08636173121801197
368,B_vs_A,A_vs_B,rat0307,rat0313,rat0307__rat0313,8,0.21933011839142125,0.4683269353682543,0.21933011839142108
369,B_vs_A,A_vs_B,rat0307,rat0313,rat0307__rat0313,9,0.2251900732059879,0.4745419614807398,0.2251900732059879
370,B_vs_A,A_vs_B,rat0307,rat0313,rat0307__rat0313,10,0.16179122464903392,0.4022327990716742,0.1617912246490338
371,B_vs_A,A_vs_B,rat0307,rat0313,rat0307__rat0313,11,0.5721469919045791,0.7564039872347179,0.5721469919045792
372,B_vs_A,A_vs_B,rat0307,rat0313,rat0307__rat0313,12,0.19985609205248733,0.4470526725705678,0.19985609205248725
373,B_vs_A,A_vs_B,rat0307,rat0313,rat0307__rat0313,13,0.39495963862098776,0.6284581438894621,0.39495963862098776
374,B_vs_A,A_vs_B,rat0307,rat0313,rat0307__rat0313,14,0.13375653434721688,0.36572740442468465,0.13375653434721685
375,B_vs_A,A_vs_B,rat0307,rat0313,rat0307__rat0313,15,0.5936011349106186,0.7704551478902706,0.5936011349106186
376,B_vs_A,A_vs_B,rat0307,rat0313,rat0307__rat0313,16,0.3463529823187114,0.5885176142807549,0.3463529823187114
377,B_vs_A,A_vs_B,rat0307,rat0313,rat0307__rat0313,17,0.5960306895985669,0.7720302387850925,0.596030689598567
378,B_vs_A,A_vs_B,rat0307,rat0313,rat0307__rat0313,18,0.2755579542157128,0.5249361429885665,0.2755579542157127
379,B_vs_A,A_vs_B,rat0307,rat0313,rat0307__rat0313,19,0.6472818109177592,0.8045382594493311,0.6472818109177592
380,B_vs_B,B_vs_B,rat0307,rat0313,rat0307__rat0313,0,0.6399353193309115,0.7999595735603838,0.6399353193309113
381,B_vs_B,B_vs_B,rat0307,rat0313,rat0307__rat0313,1,0.2679740973796326,0.5176621459790473,0.26797409737963246
382,B_vs_B,B_vs_B,rat0307,rat0313,rat0307__rat0313,2,0.08082644246927964,0.284299916407444,0.08082644246927966
383,B_vs_B,B_vs_B,rat0307,rat0313,rat0307__rat0313,3,0.2176289580162101,0.4665071896725817,0.21762895801621007
384,B_vs_B,B_vs_B,rat0307,rat0313,rat0307__rat0313,4,0.24914128017197998,0.49914054150307186,0.2491412801719798
385,B_vs_B,B_vs_B,rat0307,rat0313,rat0307__rat0313,5,0.5208337938653622,0.7216881555529109,0.5208337938653625
386,B_vs_B,B_vs_B,rat0307,rat0313,rat0307__rat0313,6,0.4348651948022147,0.6594430944381892,0.4348651948022145
387,B_vs_B,B_vs_B,rat0307,rat0313,rat0307__rat0313,7,0.07216715365176199,0.26863944917260724,0.07216715365176182
388,B_vs_B,B_vs_B,rat0307,rat0313,rat0307__rat0313,8,0.2942744554402036,0.5424706954667722,0.2942744554402036
389,B_vs_B,B_vs_B,rat0307,rat0313,rat0307__rat0313,9,0.18801642354245415,0.43360860639804427,0.1880164235424541
390,B_vs_B,B_vs_B,rat0307,rat0313,rat0307__rat0313,10,0.10263600628620793,0.3203685475920004,0.10263600628620782
391,B_vs_B,B_vs_B,rat0307,rat0313,rat0307__rat0313,11,0.5253133735322851,0.7247850533311826,0.525313373532285
392,B_vs_B,B_vs_B,rat0307,rat0313,rat0307__rat0313,12,0.27429805502671295,0.5237347181796459,0.274298055026713
393,B_vs_B,B_vs_B,rat0307,rat0313,rat0307__rat0313,13,0.26323170948804064,0.5130611167181164,0.2632317094880407
394,B_vs_B,B_vs_B,rat0307,rat0313,rat0307__rat0313,14,0.15506206433772138,0.39377920759953977,0.15506206433772143
395,B_vs_B,B_vs_B,rat0307,rat0313,rat0307__rat0313,15,0.4061661491619735,0.637311657795441,0.4061661491619732
396,B_vs_B,B_vs_B,rat0307,rat0313,rat0307__rat0313,16,0.27236979714690734,0.521890598829781,0.27236979714690734
397,B_vs_B,B_vs_B,rat0307,rat0313,rat0307__rat0313,17,0.6073191194657379,0.7793068198506528,0.6073191194657378
398,B_vs_B,B_vs_B,rat0307,rat0313,rat0307__rat0313,18,0.24729582758328164,0.4972884752166308,0.24729582758328159
399,B_vs_B,B_vs_B,rat0307,rat0313,rat0307__rat0313,19,0.6316518980580514,0.7947653100494837,0.631651898058052
400,A_vs_A,A_vs_A,rat0307,rat0314,rat0307__rat0314,0,0.31010578156010665,0.556871422825868,0.31010578156010665
401,A_vs_A,A_vs_A,rat0307,rat0314,rat0307__rat0314,1,0.17759026478444787,0.42141459963371897,0.1775902647844477
402,A_vs_A,A_vs_A,rat0307,rat0314,rat0307__rat0314,2,0.19264167241517857,0.43890964037621527,0.19264167241517863
403,A_vs_A,A_vs_A,rat0307,rat0314,rat0307__rat0314,3,0.1466742981293468,0.38298080647644317,0.14667429812934682
404,A_vs_A,A_vs_A,rat0307,rat0314,rat0307__rat0314,4,0.20126654878366795,0.44862740529716644,0.20126654878366804
405,A_vs_A,A_vs_A,rat0307,rat0314,rat0307__rat0314,5,0.17857877322062898,0.4225858175810316,0.17857877322062893
406,A_vs_A,A_vs_A,rat0307,rat0314,rat0307__rat0314,6,0.110938295923602,0.3330740096789331,0.11093829592360198
407,A_vs_A,A_vs_A,rat0307,rat0314,rat0307__rat0314,7,0.28576579643031863,0.5345706655160931,0.2857657964303187
408,A_vs_A,A_vs_A,rat0307,rat0314,rat0307__rat0314,8,0.059512992951058635,0.2439528498522995,0.0595129929510586
409,A_vs_A,A_vs_A,rat0307,rat0314,rat0307__rat0314,9,0.1398123388854064,0.37391488187207317,0.13981233888540642
410,A_vs_A,A_vs_A,rat0307,rat0314,rat0307__rat0314,10,0.08849083693036607,0.2974740945534015,0.08849083693036608
411,A_vs_A,A_vs_A,rat0307,rat0314,rat0307__rat0314,11,0.1680070518969576,0.409886632981557,0.16800705189695764
412,A_vs_A,A_vs_A,rat0307,rat0314,rat0307__rat0314,12,0.06892929196855896,0.2625438857954208,0.06892929196855896
413,A_vs_A,A_vs_A,rat0307,rat0314,rat0307__rat0314,13,0.11505389701495405,0.33919595666068036,0.11505389701495417
414,A_vs_A,A_vs_A,rat0307,rat0314,rat0307__rat0314,14,0.09385002113852207,0.30634950814147244,0.09385002113852207
415,A_vs_A,A_vs_A,rat0307,rat0314,rat0307__rat0314,15,0.3977771623650374,0.6306957763970181,0.3977771623650375
416,A_vs_A,A_vs_A,rat0307,rat0314,rat0307__rat0314,16,0.12925637301577858,0.3595224235228988,0.12925637301577858
417,A_vs_A,A_vs_A,rat0307,rat0314,rat0307__rat0314,17,0.06975939216602828,0.2641200336324911,0.06975939216602824
418,A_vs_A,A_vs_A,rat0307,rat0314,rat0307__rat0314,18,0.22595589860783952,0.47534818670932105,0.2259558986078395
419,A_vs_A,A_vs_A,rat0307,rat0314,rat0307__rat0314,19,0.10788825502794216,0.3284634759420627,0.10788825502794205
420,A_vs_B,A_vs_B,rat0307,rat0314,rat0307__rat0314,0,0.4585171767418312,0.6771389641291005,0.45851717674183123
421,A_vs_B,A_vs_B,rat0307,rat0314,rat0307__rat0314,1,0.10482539350850416,0.32376749915410624,0.10482539350850421
422,A_vs_B,A_vs_B,rat0307,rat0314,rat0307__rat0314,2,0.1761099693940729,0.41965458343031703,0.17610996939407292
423,A_vs_B,A_vs_B,rat0307,rat0314,rat0307__rat0314,3,0.20755356283820822,0.45558046801658236,0.20755356283820822
424,A_vs_B,A_vs_B,rat0307,rat0314,rat0307__rat0314,4,0.26992621576327697,0.5195442385045542,0.269926215763277
425,A_vs_B,A_vs_B,rat0307,rat0314,rat0307__rat0314,5,0.24769987710671978,0.4976945620626367,0.24769987710671967
426,A_vs_B,A_vs_B,rat0307,rat0314,rat0307__rat0314,6,0.15290788259928442,0.3910343752143594,0.15290788259928442
427,A_vs_B,A_vs_B,rat0307,rat0314,rat0307__rat0314,7,0.2359725345737885,0.48577004289456616,0.23597253457378867
428,A_vs_B,A_vs_B,rat0307,rat0314,rat0307__rat0314,8,0.11731938110929477,0.3425191689661977,0.11731938110929471
429,A_vs_B,A_vs_B,rat0307,rat0314,rat0307__rat0314,9,0.19425470172096312,0.4407433513065888,0.19425470172096318
430,A_vs_B,A_vs_B,rat0307,rat0314,rat0307__rat0314,10,0.18900380612390216,0.4347456798220105,0.1890038061239021
431,A_vs_B,A_vs_B,rat0307,rat0314,rat0307__rat0314,11,0.2862267395873922,0.5350016257801392,0.2862267395873922
432,A_vs_B,A_vs_B,rat0307,rat0314,rat0307__rat0314,12,0.14155761599337724,0.3762414331162602,0.14155761599337727
433,A_vs_B,A_vs_B,rat0307,rat0314,rat0307__rat0314,13,0.4584631326724138,0.6770990567652666,0.45846313267241384
434,A_vs_B,A_vs_B,rat0307,rat0314,rat0307__rat0314,14,0.11562844319001048,0.34004182564797886,0.11562844319001044
435,A_vs_B,A_vs_B,rat0307,rat0314,rat0307__rat0314,15,0.3174561937330349,0.563432510362186,0.31745619373303485
436,A_vs_B,A_vs_B,rat0307,rat0314,rat0307__rat0314,16,0.1310405074512632,0.3619951760055143,0.13104050745126322
437,A_vs_B,A_vs_B,rat0307,rat0314,rat0307__rat0314,17,0.18495643312519103,0.4300656149068315,0.1849564331251911
438,A_vs_B,A_vs_B,rat0307,rat0314,rat0307__rat0314,18,0.2996986093801542,0.5474473576337311,0.2996986093801542
439,A_vs_B,A_vs_B,rat0307,rat0314,rat0307__rat0314,19,0.1393768044882429,0.37333202981828784,0.139376804488243
440,B_vs_A,A_vs_B,rat0307,rat0314,rat0307__rat0314,0,0.6498085107049749,0.806107009462748,0.6498085107049749
441,B_vs_A,A_vs_B,rat0307,rat0314,rat0307__rat0314,1,0.30775096107156635,0.5547530631475289,0.30775096107156624
442,B_vs_A,A_vs_B,rat0307,rat0314,rat0307__rat0314,2,0.12005022582088731,0.3464826486577463,0.12005022582088729
443,B_vs_A,A_vs_B,rat0307,rat0314,rat0307__rat0314,3,0.14698248691893886,0.3833829507410821,0.14698248691893895
444,B_vs_A,A_vs_B,rat0307,rat0314,rat0307__rat0314,4,0.5140831188701844,0.7169958987819837,0.5140831188701845
445,B_vs_A,A_vs_B,rat0307,rat0314,rat0307__rat0314,5,0.4604961889143378,0.6785986950432028,0.46049618891433775
446,B_vs_A,A_vs_B,rat0307,rat0314,rat0307__rat0314,6,0.4195687647586801,0.6477412791838112,0.4195687647586801
447,B_vs_A,A_vs_B,rat0307,rat0314,rat0307__rat0314,7,0.16720902035237376,0.40891199585286553,0.16720902035237392
448,B_vs_A,A_vs_B,rat0307,rat0314,rat0307__rat0314,8,0.24244444250183364,0.4923864767657957,0.24244444250183353
449,B_vs_A,A_vs_B,rat0307,rat0314,rat0307__rat0314,9,0.24232968682138428,0.4922699328837628,0.24232968682138434
450,B_vs_A,A_vs_B,rat0307,rat0314,rat0307__rat0314,10,0.16775406320307645,0.4095779085877023,0.16775406320307626
451,B_vs_A,A_vs_B,rat0307,rat0314,rat0307__rat0314,11,0.5539100706714735,0.7442513491230456,0.5539100706714734
452,B_vs_A,A_vs_B,rat0307,rat0314,rat0307__rat0314,12,0.3329163396920356,0.5769890290915727,0.3329163396920356
453,B_vs_A,A_vs_B,rat0307,rat0314,rat0307__rat0314,13,0.2748519599724046,0.524263254455626,0.27485195997240447
454,B_vs_A,A_vs_B,rat0307,rat0314,rat0307__rat0314,14,0.11166490779553212,0.33416299585012726,0.11166490779553216
455,B_vs_A,A_vs_B,rat0307,rat0314,rat0307__rat0314,15,0.5042093071571541,0.7100769726988434,0.504209307157154
456,B_vs_A,A_vs_B,rat0307,rat0314,rat0307__rat0314,16,0.3819165789341479,0.6179939958722478,0.3819165789341478
457,B_vs_A,A_vs_B,rat0307,rat0314,rat0307__rat0314,17,0.6317480542937276,0.7948258012254807,0.6317480542937275
458,B_vs_A,A_vs_B,rat0307,rat0314,rat0307__rat0314,18,0.3262493873138549,0.5711824466086601,0.3262493873138549
459,B_vs_A,A_vs_B,rat0307,rat0314,rat0307__rat0314,19,0.7384875536059539,0.8593529854524006,0.7384875536059539
460,B_vs_B,B_vs_B,rat0307,rat0314,rat0307__rat0314,0,0.761011447249795,0.8723597006108174,0.761011447249795
461,B_vs_B,B_vs_B,rat0307,rat0314,rat0307__rat0314,1,0.388426992594173,0.6232391134983208,0.3884269925941729
462,B_vs_B,B_vs_B,rat0307,rat0314,rat0307__rat0314,2,0.11050837105223003,0.33242799378546617,0.11050837105222995
463,B_vs_B,B_vs_B,rat0307,rat0314,rat0307__rat0314,3,0.22497796864390968,0.4743184253683486,0.22497796864390968
464,B_vs_B,B_vs_B,rat0307,rat0314,rat0307__rat0314,4,0.664816489439765,0.8153627962077772,0.6648164894397651
465,B_vs_B,B_vs_B,rat0307,rat0314,rat0307__rat0314,5,0.6354916948468285,0.7971773296116924,0.6354916948468288
466,B_vs_B,B_vs_B,rat0307,rat0314,rat0307__rat0314,6,0.32586155103965614,0.5708428426805892,0.3258615510396559
467,B_vs_B,B_vs_B,rat0307,rat0314,rat0307__rat0314,7,0.22287272216245196,0.4720939759861928,0.22287272216245202
468,B_vs_B,B_vs_B,rat0307,rat0314,rat0307__rat0314,8,0.2846601841126289,0.5335355509360448,0.28466018411262883
469,B_vs_B,B_vs_B,rat0307,rat0314,rat0307__rat0314,9,0.42418200379866244,0.6512925639055481,0.42418200379866244
470,B_vs_B,B_vs_B,rat0307,rat0314,rat0307__rat0314,10,0.19865835820121078,0.4457110703148517,0.19865835820121067
471,B_vs_B,B_vs_B,rat0307,rat0314,rat0307__rat0314,11,0.5247073178738676,0.724366839297512,0.5247073178738675
472,B_vs_B,B_vs_B,rat0307,rat0314,rat0307__rat0314,12,0.3846706190662455,0.6202182027853145,0.38467061906624544
473,B_vs_B,B_vs_B,rat0307,rat0314,rat0307__rat0314,13,0.5475283160464031,0.7399515633110069,0.547528316046403
474,B_vs_B,B_vs_B,rat0307,rat0314,rat0307__rat0314,14,0.09557753992337585,0.3091561740017104,0.09557753992337585
475,B_vs_B,B_vs_B,rat0307,rat0314,rat0307__rat0314,15,0.5200025370985437,0.7211120142519771,0.5200025370985437
476,B_vs_B,B_vs_B,rat0307,rat0314,rat0307__rat0314,16,0.3363607359571193,0.5799661506994346,0.3363607359571193
477,B_vs_B,B_vs_B,rat0307,rat0314,rat0307__rat0314,17,0.708170978601815,0.8415289529195148,0.7081709786018149
478,B_vs_B,B_vs_B,rat0307,rat0314,rat0307__rat0314,18,0.28116425831347985,0.5302492416906222,0.2811642583134798
479,B_vs_B,B_vs_B,rat0307,rat0314,rat0307__rat0314,19,0.6325176419592707,0.7953097773567673,0.6325176419592707
480,A_vs_A,A_vs_A,rat0307,rat0816,rat0307__rat0816,0,0.25546607812995714,0.5054365223546446,0.2554660781299572
481,A_vs_A,A_vs_A,rat0307,rat0816,rat0307__rat0816,1,0.11177814272183846,0.3343323835972795,0.11177814272183847
482,A_vs_A,A_vs_A,rat0307,rat0816,rat0307__rat0816,2,0.18789292225521562,0.4334661719848684,0.18789292225521553
483,A_vs_A,A_vs_A,rat0307,rat0816,rat0307__rat0816,3,0.059302965666025644,0.24352200242693817,0.05930296566602568
484,A_vs_A,A_vs_A,rat0307,rat0816,rat0307__rat0816,4,0.19993731120436137,0.4471435018026779,0.19993731120436142
485,A_vs_A,A_vs_A,rat0307,rat0816,rat0307__rat0816,5,0.162933221454792,0.4036498748355958,0.16293322145479214
486,A_vs_A,A_vs_A,rat0307,rat0816,rat0307__rat0816,6,0.09359754661134019,0.30593716121344305,0.09359754661134025
487,A_vs_A,A_vs_A,rat0307,rat0816,rat0307__rat0816,7,0.15782032838471116,0.3972660674972268,0.1578203283847112
488,A_vs_A,A_vs_A,rat0307,rat0816,rat0307__rat0816,8,0.04423406695644266,0.21031896480451467,0.044234066956442684
489,A_vs_A,A_vs_A,rat0307,rat0816,rat0307__rat0816,9,0.10361742381798311,0.3218966042349362,0.10361742381798314
490,A_vs_A,A_vs_A,rat0307,rat0816,rat0307__rat0816,10,0.02914504118734358,0.17071918810533163,0.029145041187343606
491,A_vs_A,A_vs_A,rat0307,rat0816,rat0307__rat0816,11,0.2472136375629725,0.4972058301779781,0.24721363756297243
492,A_vs_A,A_vs_A,rat0307,rat0816,rat0307__rat0816,12,0.09817786973343459,0.31333348007104916,0.09817786973343456
493,A_vs_A,A_vs_A,rat0307,rat0816,rat0307__rat0816,13,0.1802916669275947,0.42460766235148756,0.1802916669275949
494,A_vs_A,A_vs_A,rat0307,rat0816,rat0307__rat0816,14,0.08321035198876418,0.28846204601084724,0.08321035198876414
495,A_vs_A,A_vs_A,rat0307,rat0816,rat0307__rat0816,15,0.20035716868599682,0.44761274410588087,0.20035716868599682
496,A_vs_A,A_vs_A,rat0307,rat0816,rat0307__rat0816,16,0.0834002008111459,0.28879092923972866,0.08340020081114595
497,A_vs_A,A_vs_A,rat0307,rat0816,rat0307__rat0816,17,0.027267479946228492,0.16512867693477273,0.027267479946228548
498,A_vs_A,A_vs_A,rat0307,rat0816,rat0307__rat0816,18,0.14568953983647306,0.38169299159988923,0.14568953983647304
499,A_vs_A,A_vs_A,rat0307,rat0816,rat0307__rat0816,19,0.026162875997893225,0.16174942348550492,0.026162875997893218
500,A_vs_B,A_vs_B,rat0307,rat0816,rat0307__rat0816,0,0.2667862122924522,0.5165135160791556,0.26678621229245214
501,A_vs_B,A_vs_B,rat0307,rat0816,rat0307__rat0816,1,0.13126591714254512,0.36230638573249735,0.1312659171425452
502,A_vs_B,A_vs_B,rat0307,rat0816,rat0307__rat0816,2,0.07409180392853869,0.27219809684958995,0.07409180392853874
503,A_vs_B,A_vs_B,rat0307,rat0816,rat0307__rat0816,3,0.12911261072062363,0.3593224328101763,0.12911261072062366
504,A_vs_B,A_vs_B,rat0307,rat0816,rat0307__rat0816,4,0.1812439290367436,0.42572752910370226,0.18124392903674363
505,A_vs_B,A_vs_B,rat0307,rat0816,rat0307__rat0816,5,0.09774691459847869,0.31264502970378183,0.09774691459847862
506,A_vs_B,A_vs_B,rat0307,rat0816,rat0307__rat0816,6,0.09627562971916832,0.3102831444329009,0.09627562971916842
507,A_vs_B,A_vs_B,rat0307,rat0816,rat0307__rat0816,7,0.2202322608221268,0.4692891015377693,0.22023226082212677
508,A_vs_B,A_vs_B,rat0307,rat0816,rat0307__rat0816,8,0.0815303318176356,0.28553516739210166,0.08153033181763554
509,A_vs_B,A_vs_B,rat0307,rat0816,rat0307__rat0816,9,0.11381397237895184,0.33736326471468675,0.1138139723789518
510,A_vs_B,A_vs_B,rat0307,rat0816,rat0307__rat0816,10,0.16276006320440528,0.4034353271645967,0.16276006320440514
511,A_vs_B,A_vs_B,rat0307,rat0816,rat0307__rat0816,11,0.029107865394873585,0.17061027341538856,0.02910786539487365
512,A_vs_B,A_vs_B,rat0307,rat0816,rat0307__rat0816,12,0.3147078043816219,0.5609882390760275,0.31470780438162216
513,A_vs_B,A_vs_B,rat0307,rat0816,rat0307__rat0816,13,0.38426497120091735,0.6198910962426524,0.3842649712009174
514,A_vs_B,A_vs_B,rat0307,rat0816,rat0307__rat0816,14,0.12578889887236644,0.35466730730695545,0.12578889887236638
515,A_vs_B,A_vs_B,rat0307,rat0816,rat0307__rat0816,15,0.28660636701640424,0.5353562991283508,0.28660636701640424
516,A_vs_B,A_vs_B,rat0307,rat0816,rat0307__rat0816,16,0.14565127801141778,0.3816428671040741,0.14565127801141795
517,A_vs_B,A_vs_B,rat0307,rat0816,rat0307__rat0816,17,0.27586814185735004,0.5252315126278603,0.27586814185735015
518,A_vs_B,A_vs_B,rat0307,rat0816,rat0307__rat0816,18,0.13640450542669422,0.3693298057653811,0.1364045054266941
519,A_vs_B,A_vs_B,rat0307,rat0816,rat0307__rat0816,19,0.05598356683991412,0.2366084673884561,0.0559835668399141
520,B_vs_A,A_vs_B,rat0307,rat0816,rat0307__rat0816,0,0.6395995798667939,0.7997496982598956,0.6395995798667942
521,B_vs_A,A_vs_B,rat0307,rat0816,rat0307__rat0816,1,0.23471693768227617,0.4844759412832346,0.23471693768227622
522,B_vs_A,A_vs_B,rat0307,rat0816,rat0307__rat0816,2,0.09486616763723324,0.30800351887151106,0.09486616763723328
523,B_vs_A,A_vs_B,rat0307,rat0816,rat0307__rat0816,3,0.059353907005473015,0.2436265728640311,0.05935390700547304
524,B_vs_A,A_vs_B,rat0307,rat0816,rat0307__rat0816,4,0.5242695056262373,0.7240645728291347,0.5242695056262373
525,B_vs_A,A_vs_B,rat0307,rat0816,rat0307__rat0816,5,0.489171418555878,0.6994079057001559,0.4891714185558781
526,B_vs_A,A_vs_B,rat0307,rat0816,rat0307__rat0816,6,0.3847962765416079,0.6203194955356536,0.3847962765416077
527,B_vs_A,A_vs_B,rat0307,rat0816,rat0307__rat0816,7,0.0435766493638493,0.20875020805702038,0.04357664936384931
528,B_vs_A,A_vs_B,rat0307,rat0816,rat0307__rat0816,8,0.22282547181236523,0.4720439299603007,0.2228254718123653
529,B_vs_A,A_vs_B,rat0307,rat0816,rat0307__rat0816,9,0.129041756251948,0.3592238247276313,0.129041756251948
530,B_vs_A,A_vs_B,rat0307,rat0816,rat0307__rat0816,10,0.1051000583714414,0.32419139157516397,0.10510005837144128
531,B_vs_A,A_vs_B,rat0307,rat0816,rat0307__rat0816,11,0.32221818699201726,0.5676426578332686,0.32221818699201726
532,B_vs_A,A_vs_B,rat0307,rat0816,rat0307__rat0816,12,0.40590018314338183,0.6371029611792602,0.40590018314338183
533,B_vs_A,A_vs_B,rat0307,rat0816,rat0307__rat0816,13,0.16723871475657523,0.4089483032812035,0.16723871475657523
534,B_vs_A,A_vs_B,rat0307,rat0816,rat0307__rat0816,14,0.14852515471151906,0.3853896141718392,0.1485251547115191
535,B_vs_A,A_vs_B,rat0307,rat0816,rat0307__rat0816,15,0.5028458122469525,0.7091162191396785,0.5028458122469524
536,B_vs_A,A_vs_B,rat0307,rat0816,rat0307__rat0816,16,0.34182888210320866,0.5846613396687083,0.34182888210320866
537,B_vs_A,A_vs_B,rat0307,rat0816,rat0307__rat0816,17,0.6315338849881622,0.7946910626074526,0.6315338849881622
538,B_vs_A,A_vs_B,rat0307,rat0816,rat0307__rat0816,18,0.3616302558950512,0.6013570120112104,0.361630255895051
539,B_vs_A,A_vs_B,rat0307,rat0816,rat0307__rat0816,19,0.5782120735532824,0.760402573347357,0.5782120735532826
540,B_vs_B,B_vs_B,rat0307,rat0816,rat0307__rat0816,0,0.6662530691450667,0.8162432659110068,0.6662530691450667
541,B_vs_B,B_vs_B,rat0307,rat0816,rat0307__rat0816,1,0.241180905816757,0.49110172654630024,0.24118090581675705
542,B_vs_B,B_vs_B,rat0307,rat0816,rat0307__rat0816,2,0.08684641680119838,0.29469716116922196,0.08684641680119837
543,B_vs_B,B_vs_B,rat0307,rat0816,rat0307__rat0816,3,0.2607513433615769,0.5106381726443656,0.26075134336157685
544,B_vs_B,B_vs_B,rat0307,rat0816,rat0307__rat0816,4,0.43518366696723954,0.6596845207879595,0.4351836669672397
545,B_vs_B,B_vs_B,rat0307,rat0816,rat0307__rat0816,5,0.6494501223266785,0.8058846830202686,0.6494501223266788
546,B_vs_B,B_vs_B,rat0307,rat0816,rat0307__rat0816,6,0.527412771324,0.7262318991369078,0.5274127713239999
547,B_vs_B,B_vs_B,rat0307,rat0816,rat0307__rat0816,7,0.07594848103360052,0.27558751973483936,0.07594848103360048
548,B_vs_B,B_vs_B,rat0307,rat0816,rat0307__rat0816,8,0.17690796125695404,0.4206042810730223,0.17690796125695396
549,B_vs_B,B_vs_B,rat0307,rat0816,rat0307__rat0816,9,0.1466722767249822,0.38297816742600643,0.1466722767249822
550,B_vs_B,B_vs_B,rat0307,rat0816,rat0307__rat0816,10,0.09288159269020624,0.30476481537442324,0.09288159269020627
551,B_vs_B,B_vs_B,rat0307,rat0816,rat0307__rat0816,11,0.5544699921188841,0.7446274183233412,0.5544699921188843
552,B_vs_B,B_vs_B,rat0307,rat0816,rat0307__rat0816,12,0.21142472388206654,0.45980944301097876,0.21142472388206648
553,B_vs_B,B_vs_B,rat0307,rat0816,rat0307__rat0816,13,0.43184483249359323,0.6571490184833219,0.43184483249359334
554,B_vs_B,B_vs_B,rat0307,rat0816,rat0307__rat0816,14,0.19970052281517225,0.4468786443937239,0.1997005228151723
555,B_vs_B,B_vs_B,rat0307,rat0816,rat0307__rat0816,15,0.5428178555111904,0.7367617359168365,0.5428178555111902
556,B_vs_B,B_vs_B,rat0307,rat0816,rat0307__rat0816,16,0.38567334055909974,0.6210260385516052,0.38567334055909985
557,B_vs_B,B_vs_B,rat0307,rat0816,rat0307__rat0816,17,0.7978617996359021,0.8932311009116857,0.797861799635902
558,B_vs_B,B_vs_B,rat0307,rat0816,rat0307__rat0816,18,0.3239818922171376,0.5691940725421668,0.32398189221713736
559,B_vs_B,B_vs_B,rat0307,rat0816,rat0307__rat0816,19,0.5478745972291482,0.7401855154143103,0.5478745972291482
560,A_vs_A,A_vs_A,rat0313,rat0314,rat0313__rat0314,0,0.09859426335029073,0.31399723462204365,0.09859426335029074
561,A_vs_A,A_vs_A,rat0313,rat0314,rat0313__rat0314,1,0.15978003227040005,0.3997249457694629,0.15978003227040005
562,A_vs_A,A_vs_A,rat0313,rat0314,rat0313__rat0314,2,0.12003357430500788,0.3464586184597056,0.12003357430500786
563,A_vs_A,A_vs_A,rat0313,rat0314,rat0313__rat0314,3,0.20534830214333127,0.4531537290405226,0.20534830214333133
564,A_vs_A,A_vs_A,rat0313,rat0314,rat0313__rat0314,4,0.22608392884087025,0.4754828375881408,0.22608392884087028
565,A_vs_A,A_vs_A,rat0313,rat0314,rat0313__rat0314,5,0.2804100383520352,0.5295375702932091,0.2804100383520354
566,A_vs_A,A_vs_A,rat0313,rat0314,rat0313__rat0314,6,0.1848405733953696,0.4299308937438315,0.1848405733953697
567,A_vs_A,A_vs_A,rat0313,rat0314,rat0313__rat0314,7,0.16096487788907612,0.40120428448494433,0.16096487788907612
568,A_vs_A,A_vs_A,rat0313,rat0314,rat0313__rat0314,8,0.13585079893137897,0.36857943367933443,0.1358507989313789
569,A_vs_A,A_vs_A,rat0313,rat0314,rat0313__rat0314,9,0.11579885022893588,0.34029230116024634,0.11579885022893578
570,A_vs_A,A_vs_A,rat0313,rat0314,rat0313__rat0314,10,0.08766479622129793,0.29608241457624246,0.08766479622129793
571,A_vs_A,A_vs_A,rat0313,rat0314,rat0313__rat0314,11,0.11675841942096767,0.34169931141424276,0.11675841942096767
572,A_vs_A,A_vs_A,rat0313,rat0314,rat0313__rat0314,12,0.16586666412387935,0.4072673128596001,0.16586666412387938
573,A_vs_A,A_vs_A,rat0313,rat0314,rat0313__rat0314,13,0.13734928097614246,0.3706066391420188,0.13734928097614255
574,A_vs_A,A_vs_A,rat0313,rat0314,rat0313__rat0314,14,0.03832225501214077,0.19576070855036448,0.038322255012140746
575,A_vs_A,A_vs_A,rat0313,rat0314,rat0313__rat0314,15,0.06226276316403308,0.24952507522097472,0.0622627631640331
576,A_vs_A,A_vs_A,rat0313,rat0314,rat0313__rat0314,16,0.09974143115873509,0.3158186681605999,0.0997414311587351
577,A_vs_A,A_vs_A,rat0313,rat0314,rat0313__rat0314,17,0.19170126781235358,0.43783703339525026,0.1917012678123535
578,A_vs_A,A_vs_A,rat0313,rat0314,rat0313__rat0314,18,0.2193271850508889,0.4683238036347167,0.21932718505088872
579,A_vs_A,A_vs_A,rat0313,rat0314,rat0313__rat0314,19,0.062047037558287804,0.2490924277417677,0.062047037558287776
580,A_vs_B,A_vs_B,rat0313,rat0314,rat0313__rat0314,0,0.14792120654099047,0.3846052606777377,0.14792120654099059
581,A_vs_B,A_vs_B,rat0313,rat0314,rat0313__rat0314,1,0.18461597614993042,0.42966961278397425,0.1846159761499304
582,A_vs_B,A_vs_B,rat0313,rat0314,rat0313__rat0314,2,0.2185863106158278,0.46753214928583015,0.21858631061582776
583,A_vs_B,A_vs_B,rat0313,rat0314,rat0313__rat0314,3,0.2181034156026293,0.46701543400901563,0.21810341560262922
584,A_vs_B,A_vs_B,rat0313,rat0314,rat0313__rat0314,4,0.30203248241495395,0.5495748196696734,0.302032482414954
585,A_vs_B,A_vs_B,rat0313,rat0314,rat0313__rat0314,5,0.25595283734220664,0.5059178167866858,0.2559528373422066
586,A_vs_B,A_vs_B,rat0313,rat0314,rat0313__rat0314,6,0.30478339965078266,0.5520719152889255,0.3047833996507825
587,A_vs_B,A_vs_B,rat0313,rat0314,rat0313__rat0314,7,0.13303919164029646,0.36474537918978006,0.13303919164029643
588,A_vs_B,A_vs_B,rat0313,rat0314,rat0313__rat0314,8,0.08276692549711355,0.28769241473683915,0.08276692549711345
589,A_vs_B,A_vs_B,rat0313,rat0314,rat0313__rat0314,9,0.17596120895261888,0.41947730445474496,0.17596120895261877
590,A_vs_B,A_vs_B,rat0313,rat0314,rat0313__rat0314,10,0.2558294355895928,0.5057958437844194,0.25582943558959287
591,A_vs_B,A_vs_B,rat0313,rat0314,rat0313__rat0314,11,0.17535782695944063,0.41875747988476647,0.1753578269594406
592,A_vs_B,A_vs_B,rat0313,rat0314,rat0313__rat0314,12,0.2380146894519322,0.48786749169414045,0.23801468945193222
593,A_vs_B,A_vs_B,rat0313,rat0314,rat0313__rat0314,13,0.27486572423937705,0.5242763815387614,0.27486572423937694
594,A_vs_B,A_vs_B,rat0313,rat0314,rat0313__rat0314,14,0.07598714569280844,0.2756576603194775,0.07598714569280846
595,A_vs_B,A_vs_B,rat0313,rat0314,rat0313__rat0314,15,0.10420930968434278,0.32281466770322387,0.10420930968434283
596,A_vs_B,A_vs_B,rat0313,rat0314,rat0313__rat0314,16,0.08854001527783649,0.2975567429547457,0.08854001527783659
597,A_vs_B,A_vs_B,rat0313,rat0314,rat0313__rat0314,17,0.20577015834560497,0.4536189572158609,0.20577015834560497
598,A_vs_B,A_vs_B,rat0313,rat0314,rat0313__rat0314,18,0.08089300497975603,0.28441695620999113,0.08089300497975602
599,A_vs_B,A_vs_B,rat0313,rat0314,rat0313__rat0314,19,0.07155933574547918,0.26750576768637935,0.07155933574547918
600,B_vs_A,A_vs_B,rat0313,rat0314,rat0313__rat0314,0,0.24165015907282297,0.49157925004298436,0.24165015907282295
601,B_vs_A,A_vs_B,rat0313,rat0314,rat0313__rat0314,1,0.09645049567757988,0.3105648010924288,0.09645049567757985
602,B_vs_A,A_vs_B,rat0313,rat0314,rat0313__rat0314,2,0.0612279136148866,0.24744274815578376,0.061227913614886637
603,B_vs_A,A_vs_B,rat0313,rat0314,rat0313__rat0314,3,0.0729704613394508,0.2701304524474255,0.0729704613394508
604,B_vs_A,A_vs_B,rat0313,rat0314,rat0313__rat0314,4,0.3020423058636076,0.5495837569139099,0.30204230586360764
605,B_vs_A,A_vs_B,rat0313,rat0314,rat0313__rat0314,5,0.10734746767078067,0.3276392340223934,0.10734746767078067
606,B_vs_A,A_vs_B,rat0313,rat0314,rat0313__rat0314,6,0.04464532436042023,0.2112944021038423,0.04464532436042019
607,B_vs_A,A_vs_B,rat0313,rat0314,rat0313__rat0314,7,0.19776784915786302,0.4447109726078984,0.1977678491578629
608,B_vs_A,A_vs_B,rat0313,rat0314,rat0313__rat0314,8,0.12538396486805642,0.3540959825641299,0.12538396486805656
609,B_vs_A,A_vs_B,rat0313,rat0314,rat0313__rat0314,9,0.08586373012535203,0.29302513565452365,0.08586373012535199
610,B_vs_A,A_vs_B,rat0313,rat0314,rat0313__rat0314,10,0.022595704635742214,0.15031867693584247,0.02259570463574218
611,B_vs_A,A_vs_B,rat0313,rat0314,rat0313__rat0314,11,0.149978949758115,0.38727115792182987,0.1499789497581149
612,B_vs_A,A_vs_B,rat0313,rat0314,rat0313__rat0314,12,0.046045238804746,0.2145815434857948,0.04604523880474604
613,B_vs_A,A_vs_B,rat0313,rat0314,rat0313__rat0314,13,0.1528554802376938,0.39096736467088106,0.15285548023769369
614,B_vs_A,A_vs_B,rat0313,rat0314,rat0313__rat0314,14,0.10794880845615684,0.32855563981791097,0.10794880845615681
615,B_vs_A,A_vs_B,rat0313,rat0314,rat0313__rat0314,15,0.17440472054610232,0.4176179121470995,0.1744047205461025
616,B_vs_A,A_vs_B,rat0313,rat0314,rat0313__rat0314,16,0.1083515593188172,0.3291679803972693,0.10835155931881707
617,B_vs_A,A_vs_B,rat0313,rat0314,rat0313__rat0314,17,0.06809061034374783,0.2609417757733472,0.06809061034374782
618,B_vs_A,A_vs_B,rat0313,rat0314,rat0313__rat0314,18,0.09282780185976607,0.3046765528552633,0.09282780185976604
619,B_vs_A,A_vs_B,rat0313,rat0314,rat0313__rat0314,19,0.2056518773759293,0.4534885636660854,0.20565187737592924
620,B_vs_B,B_vs_B,rat0313,rat0314,rat0313__rat0314,0,0.2699856851973588,0.5196014676628222,0.2699856851973589
621,B_vs_B,B_vs_B,rat0313,rat0314,rat0313__rat0314,1,0.15984648758786202,0.39980806343527164,0.1598464875878622
622,B_vs_B,B_vs_B,rat0313,rat0314,rat0313__rat0314,2,0.05199039446274823,0.22801402251341527,0.051990394462748245
623,B_vs_B,B_vs_B,rat0313,rat0314,rat0313__rat0314,3,0.10154332688665985,0.31865863692462476,0.10154332688665985
624,B_vs_B,B_vs_B,rat0313,rat0314,rat0313__rat0314,4,0.41030724271147667,0.6405522950637805,0.41030724271147656
625,B_vs_B,B_vs_B,rat0313,rat0314,rat0313__rat0314,5,0.17800118318178854,0.42190186439714694,0.17800118318178856
626,B_vs_B,B_vs_B,rat0313,rat0314,rat0313__rat0314,6,0.09551548869702732,0.30905580191452053,0.09551548869702733
627,B_vs_B,B_vs_B,rat0313,rat0314,rat0313__rat0314,7,0.10038078066770992,0.3168292610661299,0.1003807806677099
628,B_vs_B,B_vs_B,rat0313,rat0314,rat0313__rat0314,8,0.03813759704105403,0.19528849695016354,0.03813759704105404
629,B_vs_B,B_vs_B,rat0313,rat0314,rat0313__rat0314,9,0.13001825006154144,0.3605804349400302,0.13001825006154138
630,B_vs_B,B_vs_B,rat0313,rat0314,rat0313__rat0314,10,0.08558711496188715,0.29255275586103635,0.08558711496188712
631,B_vs_B,B_vs_B,rat0313,rat0314,rat0313__rat0314,11,0.23565625543041,0.4854443896373814,0.23565625543040974
632,B_vs_B,B_vs_B,rat0313,rat0314,rat0313__rat0314,12,0.09593006847539792,0.30972579562477176,0.0959300684753979
633,B_vs_B,B_vs_B,rat0313,rat0314,rat0313__rat0314,13,0.3243382796806051,0.5695070497198477,0.3243382796806051
634,B_vs_B,B_vs_B,rat0313,rat0314,rat0313__rat0314,14,0.11211995010209137,0.3348431723987983,0.11211995010209135
635,B_vs_B,B_vs_B,rat0313,rat0314,rat0313__rat0314,15,0.07507449710377481,0.27399725747491505,0.07507449710377488
636,B_vs_B,B_vs_B,rat0313,rat0314,rat0313__rat0314,16,0.09900650372457885,0.3146529893781066,0.09900650372457886
637,B_vs_B,B_vs_B,rat0313,rat0314,rat0313__rat0314,17,0.06935999888293766,0.2633628654213378,0.06935999888293767
638,B_vs_B,B_vs_B,rat0313,rat0314,rat0313__rat0314,18,0.11958087264297125,0.34580467411961235,0.11958087264297129
639,B_vs_B,B_vs_B,rat0313,rat0314,rat0313__rat0314,19,0.24381234844446714,0.4937735801401965,0.2438123484444671
640,A_vs_A,A_vs_A,rat0313,rat0816,rat0313__rat0816,0,0.042825250818218204,0.20694262687570722,0.04282525081821818
641,A_vs_A,A_vs_A,rat0313,rat0816,rat0313__rat0816,1,0.05513489368629644,0.23480820617324355,0.055134893686296454
642,A_vs_A,A_vs_A,rat0313,rat0816,rat0313__rat0816,2,0.08167941732341025,0.2857961114560696,0.08167941732341016
643,A_vs_A,A_vs_A,rat0313,rat0816,rat0313__rat0816,3,0.05395410892262941,0.23228023790806976,0.05395410892262948
644,A_vs_A,A_vs_A,rat0313,rat0816,rat0313__rat0816,4,0.21026147802877787,0.45854277666187027,0.21026147802877782
645,A_vs_A,A_vs_A,rat0313,rat0816,rat0313__rat0816,5,0.15082142630610232,0.3883573435717451,0.15082142630610246
646,A_vs_A,A_vs_A,rat0313,rat0816,rat0313__rat0816,6,0.13416235944208427,0.36628180331827065,0.13416235944208427
647,A_vs_A,A_vs_A,rat0313,rat0816,rat0313__rat0816,7,0.05462192965703496,0.2337133493342537,0.0546219296570349
648,A_vs_A,A_vs_A,rat0313,rat0816,rat0313__rat0816,8,0.06954740168399232,0.26371841362330434,0.06954740168399222
649,A_vs_A,A_vs_A,rat0313,rat0816,rat0313__rat0816,9,0.12491691098012084,0.3534358654411302,0.1249169109801207
650,A_vs_A,A_vs_A,rat0313,rat0816,rat0313__rat0816,10,0.08894754036367829,0.29824074229333297,0.08894754036367826
651,A_vs_A,A_vs_A,rat0313,rat0816,rat0313__rat0816,11,0.13052914811722713,0.3612881787676247,0.13052914811722713
652,A_vs_A,A_vs_A,rat0313,rat0816,rat0313__rat0816,12,0.31350991289406444,0.5599195593065706,0.3135099128940642
653,A_vs_A,A_vs_A,rat0313,rat0816,rat0313__rat0816,13,0.14757300180593733,0.3841523158929771,0.14757300180593766
654,A_vs_A,A_vs_A,rat0313,rat0816,rat0313__rat0816,14,0.049415423061457985,0.22229580081831943,0.04941542306145795
655,A_vs_A,A_vs_A,rat0313,rat0816,rat0313__rat0816,15,0.10839825096343425,0.3292388964922496,0.10839825096343424
656,A_vs_A,A_vs_A,rat0313,rat0816,rat0313__rat0816,16,0.09417884474537869,0.3068857193571879,0.09417884474537866
657,A_vs_A,A_vs_A,rat0313,rat0816,rat0313__rat0816,17,0.20615093431204168,0.45403847228185623,0.2061509343120419
658,A_vs_A,A_vs_A,rat0313,rat0816,rat0313__rat0816,18,0.2590583339940025,0.508977734281179,0.2590583339940024
659,A_vs_A,A_vs_A,rat0313,rat0816,rat0313__rat0816,19,0.03136985456788887,0.17711537078381664,0.03136985456788886
660,A_vs_B,A_vs_B,rat0313,rat0816,rat0313__rat0816,0,0.09139970507617427,0.3023238413955708,0.09139970507617425
661,A_vs_B,A_vs_B,rat0313,rat0816,rat0313__rat0816,1,0.10227762858311247,0.31980873750276484,0.10227762858311236
662,A_vs_B,A_vs_B,rat0313,rat0816,rat0313__rat0816,2,0.08030956688155627,0.28338942619927837,0.08030956688155623
663,A_vs_B,A_vs_B,rat0313,rat0816,rat0313__rat0816,3,0.2565960041290707,0.5065530615138661,0.25659600412907063
664,A_vs_B,A_vs_B,rat0313,rat0816,rat0313__rat0816,4,0.15037331354939706,0.38777998085176746,0.15037331354939712
665,A_vs_B,A_vs_B,rat0313,rat0816,rat0313__rat0816,5,0.25487086791686747,0.504847370912108,0.25487086791686747
666,A_vs_B,A_vs_B,rat0313,rat0816,rat0313__rat0816,6,0.23338077540226604,0.4830949962504952,0.23338077540226593
667,A_vs_B,A_vs_B,rat0313,rat0816,rat0313__rat0816,7,0.1498758568634735,0.3871380333466002,0.1498758568634733
668,A_vs_B,A_vs_B,rat0313,rat0816,rat0313__rat0816,8,0.06414231742137176,0.2532633361175119,0.06414231742137183
669,A_vs_B,A_vs_B,rat0313,rat0816,rat0313__rat0816,9,0.04512256447284494,0.21242072514904223,0.04512256447284494
670,A_vs_B,A_vs_B,rat0313,rat0816,rat0313__rat0816,10,0.1605098817902996,0.40063684527299703,0.16050988179029937
671,A_vs_B,A_vs_B,rat0313,rat0816,rat0313__rat0816,11,0.1356313687538298,0.36828164324851953,0.1356313687538298
672,A_vs_B,A_vs_B,rat0313,rat0816,rat0313__rat0816,12,0.27463300541519675,0.5240543916571991,0.2746330054151971
673,A_vs_B,A_vs_B,rat0313,rat0816,rat0313__rat0816,13,0.033028238578951985,0.18173672875605543,0.03302823857895206
674,A_vs_B,A_vs_B,rat0313,rat0816,rat0313__rat0816,14,0.08962637039166163,0.29937663634903383,0.08962637039166164
675,A_vs_B,A_vs_B,rat0313,rat0816,rat0313__rat0816,15,0.029408129820058835,0.171487987392875,0.029408129820058856
676,A_vs_B,A_vs_B,rat0313,rat0816,rat0313__rat0816,16,0.10488107660691814,0.32385348015254994,0.10488107660691805
677,A_vs_B,A_vs_B,rat0313,rat0816,rat0313__rat0816,17,0.4380397771006432,0.6618457351231049,0.43803977710064307
678,A_vs_B,A_vs_B,rat0313,rat0816,rat0313__rat0816,18,0.22673969126094262,0.47617191355742783,0.22673969126094254
679,A_vs_B,A_vs_B,rat0313,rat0816,rat0313__rat0816,19,0.09835573130387888,0.3136171731647978,0.0983557313038788
680,B_vs_A,A_vs_B,rat0313,rat0816,rat0313__rat0816,0,0.19761574288505335,0.4445399227122952,0.19761574288505337
681,B_vs_A,A_vs_B,rat0313,rat0816,rat0313__rat0816,1,0.02547212025165377,0.15959987547505722,0.02547212025165377
682,B_vs_A,A_vs_B,rat0313,rat0816,rat0313__rat0816,2,0.08609364127891925,0.29341717959062863,0.0860936412789192
683,B_vs_A,A_vs_B,rat0313,rat0816,rat0313__rat0816,3,0.18811299605077172,0.43371995117906625,0.18811299605077164
684,B_vs_A,A_vs_B,rat0313,rat0816,rat0313__rat0816,4,0.3286060385966992,0.5732416930027848,0.32860603859669907
685,B_vs_A,A_vs_B,rat0313,rat0816,rat0313__rat0816,5,0.23138178325586004,0.48102160373091357,0.23138178325586004
686,B_vs_A,A_vs_B,rat0313,rat0816,rat0313__rat0816,6,0.007914444158061711,0.08896316180342126,0.007914444158061711
687,B_vs_A,A_vs_B,rat0313,rat0816,rat0313__rat0816,7,0.040991431994566965,0.20246340902633977,0.04099143199456695
688,B_vs_A,A_vs_B,rat0313,rat0816,rat0313__rat0816,8,0.11320776510204411,0.336463616312439,0.11320776510204415
689,B_vs_A,A_vs_B,rat0313,rat0816,rat0313__rat0816,9,0.03637754698986541,0.1907289883312587,0.036377546989865416
690,B_vs_A,A_vs_B,rat0313,rat0816,rat0313__rat0816,10,0.03313556467935437,0.18203176832452722,0.03313556467935435
691,B_vs_A,A_vs_B,rat0313,rat0816,rat0313__rat0816,11,0.16918807165269026,0.4113247763661828,0.1691880716526903
692,B_vs_A,A_vs_B,rat0313,rat0816,rat0313__rat0816,12,0.18182021363022322,0.42640381521536974,0.1818202136302232
693,B_vs_A,A_vs_B,rat0313,rat0816,rat0313__rat0816,13,0.04042952330363156,0.20107094097266165,0.04042952330363157
694,B_vs_A,A_vs_B,rat0313,rat0816,rat0313__rat0816,14,0.1861144306091681,0.43140981746961676,0.186114430609168
695,B_vs_A,A_vs_B,rat0313,rat0816,rat0313__rat0816,15,0.0328829988514886,0.18133670023326393,0.03288299885148862
696,B_vs_A,A_vs_B,rat0313,rat0816,rat0313__rat0816,16,0.06842219519584661,0.26157636589693395,0.06842219519584668
697,B_vs_A,A_vs_B,rat0313,rat0816,rat0313__rat0816,17,0.058386014792861145,0.24163198213990858,0.058386014792861096
698,B_vs_A,A_vs_B,rat0313,rat0816,rat0313__rat0816,18,0.09771257963112381,0.31259011441682505,0.09771257963112379
699,B_vs_A,A_vs_B,rat0313,rat0816,rat0313__rat0816,19,0.09804214678726055,0.3131168261005154,0.09804214678726039
700,B_vs_B,B_vs_B,rat0313,rat0816,rat0313__rat0816,0,0.27920877781420517,0.5284020986088201,0.2792087778142053
701,B_vs_B,B_vs_B,rat0313,rat0816,rat0313__rat0816,1,0.08167690759627658,0.28579172065732855,0.08167690759627652
702,B_vs_B,B_vs_B,rat0313,rat0816,rat0313__rat0816,2,0.055131374698801854,0.23480071273060873,0.055131374698801854
703,B_vs_B,B_vs_B,rat0313,rat0816,rat0313__rat0816,3,0.04145673936440744,0.20360928113523538,0.04145673936440733
704,B_vs_B,B_vs_B,rat0313,rat0816,rat0313__rat0816,4,0.2222974747872678,0.47148433143347174,0.22229747478726786
705,B_vs_B,B_vs_B,rat0313,rat0816,rat0313__rat0816,5,0.1082448982393908,0.32900592432263404,0.1082448982393908
706,B_vs_B,B_vs_B,rat0313,rat0816,rat0313__rat0816,6,0.07766272687105626,0.2786803309727048,0.07766272687105626
707,B_vs_B,B_vs_B,rat0313,rat0816,rat0313__rat0816,7,0.1620770397209737,0.40258792793745535,0.16207703972097376
708,B_vs_B,B_vs_B,rat0313,rat0816,rat0313__rat0816,8,0.1535032927685934,0.3917949626636276,0.15350329276859337
709,B_vs_B,B_vs_B,rat0313,rat0816,rat0313__rat0816,9,0.04413276347312578,0.21007799378594044,0.04413276347312563
710,B_vs_B,B_vs_B,rat0313,rat0816,rat0313__rat0816,10,0.13493342509259335,0.36733285327151605,0.13493342509259312
711,B_vs_B,B_vs_B,rat0313,rat0816,rat0313__rat0816,11,0.09737812964885334,0.31205469015679504,0.09737812964885335
712,B_vs_B,B_vs_B,rat0313,rat0816,rat0313__rat0816,12,0.25202619589656905,0.5020221069799308,0.25202619589656905
713,B_vs_B,B_vs_B,rat0313,rat0816,rat0313__rat0816,13,0.1326972700696321,0.3642763649615936,0.1326972700696321
714,B_vs_B,B_vs_B,rat0313,rat0816,rat0313__rat0816,14,0.2189486519199393,0.4679194929899152,0.21894865191993926
715,B_vs_B,B_vs_B,rat0313,rat0816,rat0313__rat0816,15,0.06609120795123832,0.25708210352188715,0.0660912079512383
716,B_vs_B,B_vs_B,rat0313,rat0816,rat0313__rat0816,16,0.0891956994114721,0.2986564906568618,0.08919569941147217
717,B_vs_B,B_vs_B,rat0313,rat0816,rat0313__rat0816,17,0.35094768324830417,0.5924083754035759,0.3509476832483042
718,B_vs_B,B_vs_B,rat0313,rat0816,rat0313__rat0816,18,0.08038527606391903,0.2835229727269362,0.08038527606391903
719,B_vs_B,B_vs_B,rat0313,rat0816,rat0313__rat0816,19,0.02484703456416393,0.15762942163239688,0.024847034564163956
720,A_vs_A,A_vs_A,rat0314,rat0816,rat0314__rat0816,0,0.03610924708008517,0.19002433286314976,0.03610924708008513
721,A_vs_A,A_vs_A,rat0314,rat0816,rat0314__rat0816,1,0.07474516867892453,0.2733956266638597,0.07474516867892454
722,A_vs_A,A_vs_A,rat0314,rat0816,rat0314__rat0816,2,0.031236015349003943,0.1767371363041846,0.031236015349003932
723,A_vs_A,A_vs_A,rat0314,rat0816,rat0314__rat0816,3,0.19051725429086924,0.4364828224465075,0.19051725429086938
724,A_vs_A,A_vs_A,rat0314,rat0816,rat0314__rat0816,4,0.13557833440673647,0.36820963377773863,0.1355783344067364
725,A_vs_A,A_vs_A,rat0314,rat0816,rat0314__rat0816,5,0.3573464132530234,0.5977845876676843,0.35734641325302335
726,A_vs_A,A_vs_A,rat0314,rat0816,rat0314__rat0816,6,0.03968041327887567,0.19919943092005982,0.039680413278875684
727,A_vs_A,A_vs_A,rat0314,rat0816,rat0314__rat0816,7,0.09093085185511304,0.3015474288650345,0.09093085185511306
728,A_vs_A,A_vs_A,rat0314,rat0816,rat0314__rat0816,8,0.044878950569456205,0.21184652597920084,0.04487895056945621
729,A_vs_A,A_vs_A,rat0314,rat0816,rat0314__rat0816,9,0.08728076963964836,0.29543318980718525,0.08728076963964831
730,A_vs_A,A_vs_A,rat0314,rat0816,rat0314__rat0816,10,0.08246257274290766,0.2871629724440594,0.08246257274290764
731,A_vs_A,A_vs_A,rat0314,rat0816,rat0314__rat0816,11,0.17460484744277555,0.41785744871041314,0.1746048474427756
732,A_vs_A,A_vs_A,rat0314,rat0816,rat0314__rat0816,12,0.12809784333315144,0.35790759049390336,0.12809784333315158
733,A_vs_A,A_vs_A,rat0314,rat0816,rat0314__rat0816,13,0.08084025662904039,0.2843242104166305,0.08084025662904035
734,A_vs_A,A_vs_A,rat0314,rat0816,rat0314__rat0816,14,0.07012755322114994,0.26481607432546467,0.07012755322115002
735,A_vs_A,A_vs_A,rat0314,rat0816,rat0314__rat0816,15,0.1389494350689139,0.3727592186236497,0.13894943506891388
736,A_vs_A,A_vs_A,rat0314,rat0816,rat0314__rat0816,16,0.20909468852724633,0.45726872681963115,0.20909468852724644
737,A_vs_A,A_vs_A,rat0314,rat0816,rat0314__rat0816,17,0.03705548814232847,0.192498021138734,0.03705548814232847
738,A_vs_A,A_vs_A,rat0314,rat0816,rat0314__rat0816,18,0.1215107424057786,0.34858391013610857,0.12151074240577861
739,A_vs_A,A_vs_A,rat0314,rat0816,rat0314__rat0816,19,0.07471701127623451,0.2733441261052349,0.07471701127623458
740,A_vs_B,A_vs_B,rat0314,rat0816,rat0314__rat0816,0,0.08278130733296142,0.28771740881107866,0.08278130733296134
741,A_vs_B,A_vs_B,rat0314,rat0816,rat0314__rat0816,1,0.10574804753080311,0.3251892487933804,0.10574804753080304
742,A_vs_B,A_vs_B,rat0314,rat0816,rat0314__rat0816,2,0.09310766878325244,0.30513549250005717,0.09310766878325244
743,A_vs_B,A_vs_B,rat0314,rat0816,rat0314__rat0816,3,0.1253824295128862,0.35409381456456723,0.12538242951288617
744,A_vs_B,A_vs_B,rat0314,rat0816,rat0314__rat0816,4,0.025096660524215348,0.15841925553484748,0.025096660524215306
745,A_vs_B,A_vs_B,rat0314,rat0816,rat0314__rat0816,5,0.2646572706495877,0.51444851117443,0.26465727064958766
746,A_vs_B,A_vs_B,rat0314,rat0816,rat0314__rat0816,6,0.14174243069684864,0.3764869595309362,0.14174243069684878
747,A_vs_B,A_vs_B,rat0314,rat0816,rat0314__rat0816,7,0.06765815143833966,0.26011180564968533,0.0676581514383397
748,A_vs_B,A_vs_B,rat0314,rat0816,rat0314__rat0816,8,0.08271923980935053,0.2876095266317696,0.08271923980935057
749,A_vs_B,A_vs_B,rat0314,rat0816,rat0314__rat0816,9,0.05200597858597004,0.22804819355997982,0.05200597858597001
750,A_vs_B,A_vs_B,rat0314,rat0816,rat0314__rat0816,10,0.14858108275691154,0.38546216773752445,0.14858108275691145
751,A_vs_B,A_vs_B,rat0314,rat0816,rat0314__rat0816,11,0.13171370904860744,0.3629238336739644,0.1317137090486074
752,A_vs_B,A_vs_B,rat0314,rat0816,rat0314__rat0816,12,0.34606494754127287,0.5882728512699469,0.34606494754127304
753,A_vs_B,A_vs_B,rat0314,rat0816,rat0314__rat0816,13,0.1577659524852892,0.3971976239673258,0.15776595248528907
754,A_vs_B,A_vs_B,rat0314,rat0816,rat0314__rat0816,14,0.10878416284368629,0.32982444245944875,0.10878416284368621
755,A_vs_B,A_vs_B,rat0314,rat0816,rat0314__rat0816,15,0.07244677271514316,0.2691593816220106,0.07244677271514312
756,A_vs_B,A_vs_B,rat0314,rat0816,rat0314__rat0816,16,0.05555110562819665,0.23569282048504722,0.055551105628196686
757,A_vs_B,A_vs_B,rat0314,rat0816,rat0314__rat0816,17,0.17543224250371942,0.4188463232543883,0.17543224250371958
758,A_vs_B,A_vs_B,rat0314,rat0816,rat0314__rat0816,18,0.09948333529802685,0.3154097894771607,0.0994833352980268
759,A_vs_B,A_vs_B,rat0314,rat0816,rat0314__rat0816,19,0.1986713037216942,0.4457255924015291,0.1986713037216941
760,B_vs_A,A_vs_B,rat0314,rat0816,rat0314__rat0816,0,0.13169221315533847,0.36289421758322143,0.13169221315533847
761,B_vs_A,A_vs_B,rat0314,rat0816,rat0314__rat0816,1,0.15534347403464033,0.39413636477067215,0.15534347403464036
762,B_vs_A,A_vs_B,rat0314,rat0816,rat0314__rat0816,2,0.15206657015781555,0.3899571388727427,0.15206657015781552
763,B_vs_A,A_vs_B,rat0314,rat0816,rat0314__rat0816,3,0.24403234322813136,0.4939962988000329,0.24403234322813133
764,B_vs_A,A_vs_B,rat0314,rat0816,rat0314__rat0816,4,0.21934368754715056,0.4683414219852336,0.2193436875471507
765,B_vs_A,A_vs_B,rat0314,rat0816,rat0314__rat0816,5,0.3249559793672512,0.5700491025931461,0.3249559793672512
766,B_vs_A,A_vs_B,rat0314,rat0816,rat0314__rat0816,6,0.0718140267452572,0.26798139253548436,0.07181402674525734
767,B_vs_A,A_vs_B,rat0314,rat0816,rat0314__rat0816,7,0.10331318944776674,0.321423691484879,0.10331318944776667
768,B_vs_A,A_vs_B,rat0314,rat0816,rat0314__rat0816,8,0.06850396178502419,0.2617326150578568,0.06850396178502423
769,B_vs_A,A_vs_B,rat0314,rat0816,rat0314__rat0816,9,0.176992629296181,0.4207049195055616,0.17699262929618104
770,B_vs_A,A_vs_B,rat0314,rat0816,rat0314__rat0816,10,0.1520490512294662,0.38993467559254874,0.15204905122946621
771,B_vs_A,A_vs_B,rat0314,rat0816,rat0314__rat0816,11,0.1898116205849719,0.4356737547580436,0.18981162058497192
772,B_vs_A,A_vs_B,rat0314,rat0816,rat0314__rat0816,12,0.1627844729002384,0.403465578333813,0.16278447290023818
773,B_vs_A,A_vs_B,rat0314,rat0816,rat0314__rat0816,13,0.28318054779658247,0.532147111047859,0.28318054779658236
774,B_vs_A,A_vs_B,rat0314,rat0816,rat0314__rat0816,14,0.06356439990788056,0.25211981260480215,0.06356439990788054
775,B_vs_A,A_vs_B,rat0314,rat0816,rat0314__rat0816,15,0.03499815426141268,0.1870779363297892,0.03499815426141266
776,B_vs_A,A_vs_B,rat0314,rat0816,rat0314__rat0816,16,0.21984118450812543,0.4688722475345767,0.21984118450812543
777,B_vs_A,A_vs_B,rat0314,rat0816,rat0314__rat0816,17,0.1377800042776721,0.37118729002711304,0.13778000427767215
778,B_vs_A,A_vs_B,rat0314,rat0816,rat0314__rat0816,18,0.26424449386254556,0.5140471708535566,0.26424449386254556
779,B_vs_A,A_vs_B,rat0314,rat0816,rat0314__rat0816,19,0.08157150156705582,0.2856072505505695,0.08157150156705578
780,B_vs_B,B_vs_B,rat0314,rat0816,rat0314__rat0816,0,0.08256144998648704,0.2873350831111423,0.08256144998648705
781,B_vs_B,B_vs_B,rat0314,rat0816,rat0314__rat0816,1,0.09089676960577898,0.3014909113153812,0.09089676960577904
782,B_vs_B,B_vs_B,rat0314,rat0816,rat0314__rat0816,2,0.12145298980929604,0.34850106141774645,0.12145298980929588
783,B_vs_B,B_vs_B,rat0314,rat0816,rat0314__rat0816,3,0.14142866371615215,0.37607002501682063,0.14142866371615206
784,B_vs_B,B_vs_B,rat0314,rat0816,rat0314__rat0816,4,0.12308328894611867,0.3508322803650181,0.12308328894611871
785,B_vs_B,B_vs_B,rat0314,rat0816,rat0314__rat0816,5,0.3241451179412117,0.5693374376775269,0.32414511794121165
786,B_vs_B,B_vs_B,rat0314,rat0816,rat0314__rat0816,6,0.07795473403673511,0.2792037500406022,0.07795473403673508
787,B_vs_B,B_vs_B,rat0314,rat0816,rat0314__rat0816,7,0.2761777329379429,0.5255261486719217,0.2761777329379428
788,B_vs_B,B_vs_B,rat0314,rat0816,rat0314__rat0816,8,0.11668052694905277,0.34158531430530326,0.11668052694905282
789,B_vs_B,B_vs_B,rat0314,rat0816,rat0314__rat0816,9,0.1673496761329256,0.40908394753757515,0.16734967613292553
790,B_vs_B,B_vs_B,rat0314,rat0816,rat0314__rat0816,10,0.19393598001279927,0.4403816299674627,0.19393598001279924
791,B_vs_B,B_vs_B,rat0314,rat0816,rat0314__rat0816,11,0.30425243004933455,0.5515908175897554,0.3042524300493347
792,B_vs_B,B_vs_B,rat0314,rat0816,rat0314__rat0816,12,0.3950857597354403,0.6285584775782124,0.39508575973544013
793,B_vs_B,B_vs_B,rat0314,rat0816,rat0314__rat0816,13,0.2917375847647308,0.5401273782773195,0.29173758476473055
794,B_vs_B,B_vs_B,rat0314,rat0816,rat0314__rat0816,14,0.07030844994833357,0.2651574059843202,0.07030844994833359
795,B_vs_B,B_vs_B,rat0314,rat0816,rat0314__rat0816,15,0.06332327099447702,0.25164115520811986,0.06332327099447706
796,B_vs_B,B_vs_B,rat0314,rat0816,rat0314__rat0816,16,0.10664418880632871,0.3265642185027758,0.10664418880632871
797,B_vs_B,B_vs_B,rat0314,rat0816,rat0314__rat0816,17,0.2943367699183718,0.5425281282278108,0.29433676991837204
798,B_vs_B,B_vs_B,rat0314,rat0816,rat0314__rat0816,18,0.22469196215636036,0.47401683741863043,0.22469196215636025
799,B_vs_B,B_vs_B,rat0314,rat0816,rat0314__rat0816,19,0.20353752922477816,0.45115133738555857,0.2035375292247781
