observation_id,rat_left,rat_right,rat_pair,comparison,comparison_family,model_run,rReal
0,rat0222,rat0307,rat0222__rat0307,A_vs_A,A_vs_A,0,0.5393939393939393
1,rat0222,rat0307,rat0222__rat0307,A_vs_A,A_vs_A,1,0.9393939393939393
2,rat0222,rat0307,rat0222__rat0307,A_vs_A,A_vs_A,2,0.5030303030303029
3,rat0222,rat0307,rat0222__rat0307,A_vs_A,A_vs_A,3,0.8787878787878788
4,rat0222,rat0307,rat0222__rat0307,A_vs_A,A_vs_A,4,0.7818181818181817
5,rat0222,rat0307,rat0222__rat0307,A_vs_A,A_vs_A,5,0.5636363636363636
6,rat0222,rat0307,rat0222__rat0307,A_vs_A,A_vs_A,6,0.29696969696969694
7,rat0222,rat0307,rat0222__rat0307,A_vs_A,A_vs_A,7,0.4545454545454545
8,rat0222,rat0307,rat0222__rat0307,A_vs_A,A_vs_A,8,0.9515151515151514
9,rat0222,rat0307,rat0222__rat0307,A_vs_A,A_vs_A,9,0.5757575757575757
10,rat0222,rat0307,rat0222__rat0307,A_vs_A,A_vs_A,10,0.5515151515151515
11,rat0222,rat0307,rat0222__rat0307,A_vs_A,A_vs_A,11,0.8909090909090909
12,rat0222,rat0307,rat0222__rat0307,A_vs_A,A_vs_A,12,0.7333333333333332
13,rat0222,rat0307,rat0222__rat0307,A_vs_A,A_vs_A,13,0.2727272727272727
14,rat0222,rat0307,rat0222__rat0307,A_vs_A,A_vs_A,14,0.8909090909090909
15,rat0222,rat0307,rat0222__rat0307,A_vs_A,A_vs_A,15,0.4666666666666666
16,rat0222,rat0307,rat0222__rat0307,A_vs_A,A_vs_A,16,0.4424242424242424
17,rat0222,rat0307,rat0222__rat0307,A_vs_A,A_vs_A,17,0.06666666666666665
18,rat0222,rat0307,rat0222__rat0307,A_vs_A,A_vs_A,18,0.8303030303030302
19,rat0222,rat0307,rat0222__rat0307,A_vs_A,A_vs_A,19,0.6969696969696969
20,rat0222,rat0307,rat0222__rat0307,A_vs_B,A_vs_B,0,-0.11515151515151514
21,rat0222,rat0307,rat0222__rat0307,A_vs_B,A_vs_B,1,0.6848484848484848
22,rat0222,rat0307,rat0222__rat0307,A_vs_B,A_vs_B,2,0.1515151515151515
23,rat0222,rat0307,rat0222__rat0307,A_vs_B,A_vs_B,3,0.4545454545454545
24,rat0222,rat0307,rat0222__rat0307,A_vs_B,A_vs_B,4,0.28484848484848485
25,rat0222,rat0307,rat0222__rat0307,A_vs_B,A_vs_B,5,0.06666666666666665
26,rat0222,rat0307,rat0222__rat0307,A_vs_B,A_vs_B,6,0.34545454545454546
27,rat0222,rat0307,rat0222__rat0307,A_vs_B,A_vs_B,7,0.7212121212121211
28,rat0222,rat0307,rat0222__rat0307,A_vs_B,A_vs_B,8,0.07878787878787878
29,rat0222,rat0307,rat0222__rat0307,A_vs_B,A_vs_B,9,-0.05454545454545454
30,rat0222,rat0307,rat0222__rat0307,A_vs_B,A_vs_B,10,0.8060606060606059
31,rat0222,rat0307,rat0222__rat0307,A_vs_B,A_vs_B,11,0.38181818181818183
32,rat0222,rat0307,rat0222__rat0307,A_vs_B,A_vs_B,12,0.7333333333333332
33,rat0222,rat0307,rat0222__rat0307,A_vs_B,A_vs_B,13,0.3696969696969697
34,rat0222,rat0307,rat0222__rat0307,A_vs_B,A_vs_B,14,0.406060606060606
35,rat0222,rat0307,rat0222__rat0307,A_vs_B,A_vs_B,15,0.309090909090909
36,rat0222,rat0307,rat0222__rat0307,A_vs_B,A_vs_B,16,0.16363636363636364
37,rat0222,rat0307,rat0222__rat0307,A_vs_B,A_vs_B,17,0.2727272727272727
38,rat0222,rat0307,rat0222__rat0307,A_vs_B,A_vs_B,18,0.7212121212121211
39,rat0222,rat0307,rat0222__rat0307,A_vs_B,A_vs_B,19,-0.2121212121212121
40,rat0222,rat0307,rat0222__rat0307,B_vs_A,A_vs_B,0,0.5636363636363636
41,rat0222,rat0307,rat0222__rat0307,B_vs_A,A_vs_B,1,0.6242424242424242
42,rat0222,rat0307,rat0222__rat0307,B_vs_A,A_vs_B,2,0.8060606060606059
43,rat0222,rat0307,rat0222__rat0307,B_vs_A,A_vs_B,3,0.4424242424242424
44,rat0222,rat0307,rat0222__rat0307,B_vs_A,A_vs_B,4,0.7818181818181817
45,rat0222,rat0307,rat0222__rat0307,B_vs_A,A_vs_B,5,0.6969696969696969
46,rat0222,rat0307,rat0222__rat0307,B_vs_A,A_vs_B,6,0.5515151515151515
47,rat0222,rat0307,rat0222__rat0307,B_vs_A,A_vs_B,7,0.41818181818181815
48,rat0222,rat0307,rat0222__rat0307,B_vs_A,A_vs_B,8,0.406060606060606
49,rat0222,rat0307,rat0222__rat0307,B_vs_A,A_vs_B,9,0.3939393939393939
50,rat0222,rat0307,rat0222__rat0307,B_vs_A,A_vs_B,10,0.49090909090909085
51,rat0222,rat0307,rat0222__rat0307,B_vs_A,A_vs_B,11,-0.23636363636363633
52,rat0222,rat0307,rat0222__rat0307,B_vs_A,A_vs_B,12,0.6969696969696969
53,rat0222,rat0307,rat0222__rat0307,B_vs_A,A_vs_B,13,0.13939393939393938
54,rat0222,rat0307,rat0222__rat0307,B_vs_A,A_vs_B,14,0.4545454545454545
55,rat0222,rat0307,rat0222__rat0307,B_vs_A,A_vs_B,15,-0.19999999999999998
56,rat0222,rat0307,rat0222__rat0307,B_vs_A,A_vs_B,16,0.7212121212121211
57,rat0222,rat0307,rat0222__rat0307,B_vs_A,A_vs_B,17,0.7454545454545454
58,rat0222,rat0307,rat0222__rat0307,B_vs_A,A_vs_B,18,0.6121212121212121
59,rat0222,rat0307,rat0222__rat0307,B_vs_A,A_vs_B,19,0.6727272727272726
60,rat0222,rat0307,rat0222__rat0307,B_vs_B,B_vs_B,0,-0.35757575757575755
61,rat0222,rat0307,rat0222__rat0307,B_vs_B,B_vs_B,1,0.8060606060606059
62,rat0222,rat0307,rat0222__rat0307,B_vs_B,B_vs_B,2,0.6
63,rat0222,rat0307,rat0222__rat0307,B_vs_B,B_vs_B,3,-0.006060606060606061
64,rat0222,rat0307,rat0222__rat0307,B_vs_B,B_vs_B,4,0.5393939393939393
65,rat0222,rat0307,rat0222__rat0307,B_vs_B,B_vs_B,5,-0.19999999999999998
66,rat0222,rat0307,rat0222__rat0307,B_vs_B,B_vs_B,6,0.709090909090909
67,rat0222,rat0307,rat0222__rat0307,B_vs_B,B_vs_B,7,0.8787878787878788
68,rat0222,rat0307,rat0222__rat0307,B_vs_B,B_vs_B,8,0.7818181818181817
69,rat0222,rat0307,rat0222__rat0307,B_vs_B,B_vs_B,9,0.16363636363636364
70,rat0222,rat0307,rat0222__rat0307,B_vs_B,B_vs_B,10,0.709090909090909
71,rat0222,rat0307,rat0222__rat0307,B_vs_B,B_vs_B,11,-0.309090909090909
72,rat0222,rat0307,rat0222__rat0307,B_vs_B,B_vs_B,12,0.11515151515151514
73,rat0222,rat0307,rat0222__rat0307,B_vs_B,B_vs_B,13,0.11515151515151514
74,rat0222,rat0307,rat0222__rat0307,B_vs_B,B_vs_B,14,0.8181818181818182
75,rat0222,rat0307,rat0222__rat0307,B_vs_B,B_vs_B,15,0.13939393939393938
76,rat0222,rat0307,rat0222__rat0307,B_vs_B,B_vs_B,16,0.22424242424242422
77,rat0222,rat0307,rat0222__rat0307,B_vs_B,B_vs_B,17,0.32121212121212117
78,rat0222,rat0307,rat0222__rat0307,B_vs_B,B_vs_B,18,0.1515151515151515
79,rat0222,rat0307,rat0222__rat0307,B_vs_B,B_vs_B,19,0.07878787878787878
80,rat0222,rat0313,rat0222__rat0313,A_vs_A,A_vs_A,0,0.8303030303030302
81,rat0222,rat0313,rat0222__rat0313,A_vs_A,A_vs_A,1,0.8787878787878788
82,rat0222,rat0313,rat0222__rat0313,A_vs_A,A_vs_A,2,0.05454545454545454
83,rat0222,rat0313,rat0222__rat0313,A_vs_A,A_vs_A,3,0.8545454545454544
84,rat0222,rat0313,rat0222__rat0313,A_vs_A,A_vs_A,4,0.7454545454545454
85,rat0222,rat0313,rat0222__rat0313,A_vs_A,A_vs_A,5,0.4424242424242424
86,rat0222,rat0313,rat0222__rat0313,A_vs_A,A_vs_A,6,0.18787878787878787
87,rat0222,rat0313,rat0222__rat0313,A_vs_A,A_vs_A,7,0.6
88,rat0222,rat0313,rat0222__rat0313,A_vs_A,A_vs_A,8,0.4666666666666666
89,rat0222,rat0313,rat0222__rat0313,A_vs_A,A_vs_A,9,0.5272727272727272
90,rat0222,rat0313,rat0222__rat0313,A_vs_A,A_vs_A,10,0.4787878787878787
91,rat0222,rat0313,rat0222__rat0313,A_vs_A,A_vs_A,11,0.5151515151515151
92,rat0222,rat0313,rat0222__rat0313,A_vs_A,A_vs_A,12,0.6242424242424242
93,rat0222,rat0313,rat0222__rat0313,A_vs_A,A_vs_A,13,-0.006060606060606061
94,rat0222,rat0313,rat0222__rat0313,A_vs_A,A_vs_A,14,0.8060606060606059
95,rat0222,rat0313,rat0222__rat0313,A_vs_A,A_vs_A,15,0.8787878787878788
96,rat0222,rat0313,rat0222__rat0313,A_vs_A,A_vs_A,16,0.6242424242424242
97,rat0222,rat0313,rat0222__rat0313,A_vs_A,A_vs_A,17,-0.12727272727272726
98,rat0222,rat0313,rat0222__rat0313,A_vs_A,A_vs_A,18,0.6121212121212121
99,rat0222,rat0313,rat0222__rat0313,A_vs_A,A_vs_A,19,0.7333333333333332
100,rat0222,rat0313,rat0222__rat0313,A_vs_B,A_vs_B,0,0.2606060606060606
101,rat0222,rat0313,rat0222__rat0313,A_vs_B,A_vs_B,1,0.9636363636363635
102,rat0222,rat0313,rat0222__rat0313,A_vs_B,A_vs_B,2,0.06666666666666665
103,rat0222,rat0313,rat0222__rat0313,A_vs_B,A_vs_B,3,0.34545454545454546
104,rat0222,rat0313,rat0222__rat0313,A_vs_B,A_vs_B,4,0.6484848484848483
105,rat0222,rat0313,rat0222__rat0313,A_vs_B,A_vs_B,5,0.8060606060606059
106,rat0222,rat0313,rat0222__rat0313,A_vs_B,A_vs_B,6,0.4666666666666666
107,rat0222,rat0313,rat0222__rat0313,A_vs_B,A_vs_B,7,0.8787878787878788
108,rat0222,rat0313,rat0222__rat0313,A_vs_B,A_vs_B,8,0.29696969696969694
109,rat0222,rat0313,rat0222__rat0313,A_vs_B,A_vs_B,9,0.16363636363636364
110,rat0222,rat0313,rat0222__rat0313,A_vs_B,A_vs_B,10,0.6606060606060605
111,rat0222,rat0313,rat0222__rat0313,A_vs_B,A_vs_B,11,0.7454545454545454
112,rat0222,rat0313,rat0222__rat0313,A_vs_B,A_vs_B,12,0.406060606060606
113,rat0222,rat0313,rat0222__rat0313,A_vs_B,A_vs_B,13,0.43030303030303024
114,rat0222,rat0313,rat0222__rat0313,A_vs_B,A_vs_B,14,0.28484848484848485
115,rat0222,rat0313,rat0222__rat0313,A_vs_B,A_vs_B,15,0.8303030303030302
116,rat0222,rat0313,rat0222__rat0313,A_vs_B,A_vs_B,16,0.6727272727272726
117,rat0222,rat0313,rat0222__rat0313,A_vs_B,A_vs_B,17,0.09090909090909088
118,rat0222,rat0313,rat0222__rat0313,A_vs_B,A_vs_B,18,0.7939393939393938
119,rat0222,rat0313,rat0222__rat0313,A_vs_B,A_vs_B,19,0.4545454545454545
120,rat0222,rat0313,rat0222__rat0313,B_vs_A,A_vs_B,0,0.8424242424242423
121,rat0222,rat0313,rat0222__rat0313,B_vs_A,A_vs_B,1,0.41818181818181815
122,rat0222,rat0313,rat0222__rat0313,B_vs_A,A_vs_B,2,0.7333333333333332
123,rat0222,rat0313,rat0222__rat0313,B_vs_A,A_vs_B,3,0.5757575757575757
124,rat0222,rat0313,rat0222__rat0313,B_vs_A,A_vs_B,4,0.8787878787878788
125,rat0222,rat0313,rat0222__rat0313,B_vs_A,A_vs_B,5,0.6969696969696969
126,rat0222,rat0313,rat0222__rat0313,B_vs_A,A_vs_B,6,0.4545454545454545
127,rat0222,rat0313,rat0222__rat0313,B_vs_A,A_vs_B,7,0.5030303030303029
128,rat0222,rat0313,rat0222__rat0313,B_vs_A,A_vs_B,8,0.6848484848484848
129,rat0222,rat0313,rat0222__rat0313,B_vs_A,A_vs_B,9,0.6848484848484848
130,rat0222,rat0313,rat0222__rat0313,B_vs_A,A_vs_B,10,0.33333333333333326
131,rat0222,rat0313,rat0222__rat0313,B_vs_A,A_vs_B,11,0.34545454545454546
132,rat0222,rat0313,rat0222__rat0313,B_vs_A,A_vs_B,12,0.29696969696969694
133,rat0222,rat0313,rat0222__rat0313,B_vs_A,A_vs_B,13,0.6727272727272726
134,rat0222,rat0313,rat0222__rat0313,B_vs_A,A_vs_B,14,0.7575757575757575
135,rat0222,rat0313,rat0222__rat0313,B_vs_A,A_vs_B,15,0.6727272727272726
136,rat0222,rat0313,rat0222__rat0313,B_vs_A,A_vs_B,16,0.8787878787878788
137,rat0222,rat0313,rat0222__rat0313,B_vs_A,A_vs_B,17,0.5393939393939393
138,rat0222,rat0313,rat0222__rat0313,B_vs_A,A_vs_B,18,0.8060606060606059
139,rat0222,rat0313,rat0222__rat0313,B_vs_A,A_vs_B,19,0.41818181818181815
140,rat0222,rat0313,rat0222__rat0313,B_vs_B,B_vs_B,0,0.2727272727272727
141,rat0222,rat0313,rat0222__rat0313,B_vs_B,B_vs_B,1,0.6606060606060605
142,rat0222,rat0313,rat0222__rat0313,B_vs_B,B_vs_B,2,0.6848484848484848
143,rat0222,rat0313,rat0222__rat0313,B_vs_B,B_vs_B,3,0.6606060606060605
144,rat0222,rat0313,rat0222__rat0313,B_vs_B,B_vs_B,4,0.7939393939393938
145,rat0222,rat0313,rat0222__rat0313,B_vs_B,B_vs_B,5,0.6363636363636362
146,rat0222,rat0313,rat0222__rat0313,B_vs_B,B_vs_B,6,0.6242424242424242
147,rat0222,rat0313,rat0222__rat0313,B_vs_B,B_vs_B,7,0.7696969696969697
148,rat0222,rat0313,rat0222__rat0313,B_vs_B,B_vs_B,8,0.41818181818181815
149,rat0222,rat0313,rat0222__rat0313,B_vs_B,B_vs_B,9,0.32121212121212117
150,rat0222,rat0313,rat0222__rat0313,B_vs_B,B_vs_B,10,0.5272727272727272
151,rat0222,rat0313,rat0222__rat0313,B_vs_B,B_vs_B,11,-0.2121212121212121
152,rat0222,rat0313,rat0222__rat0313,B_vs_B,B_vs_B,12,0.4424242424242424
153,rat0222,rat0313,rat0222__rat0313,B_vs_B,B_vs_B,13,0.7333333333333332
154,rat0222,rat0313,rat0222__rat0313,B_vs_B,B_vs_B,14,0.7333333333333332
155,rat0222,rat0313,rat0222__rat0313,B_vs_B,B_vs_B,15,0.18787878787878787
156,rat0222,rat0313,rat0222__rat0313,B_vs_B,B_vs_B,16,0.8424242424242423
157,rat0222,rat0313,rat0222__rat0313,B_vs_B,B_vs_B,17,0.8424242424242423
158,rat0222,rat0313,rat0222__rat0313,B_vs_B,B_vs_B,18,0.8303030303030302
159,rat0222,rat0313,rat0222__rat0313,B_vs_B,B_vs_B,19,0.6363636363636362
160,rat0222,rat0314,rat0222__rat0314,A_vs_A,A_vs_A,0,0.5272727272727272
161,rat0222,rat0314,rat0222__rat0314,A_vs_A,A_vs_A,1,0.5636363636363636
162,rat0222,rat0314,rat0222__rat0314,A_vs_A,A_vs_A,2,0.10303030303030303
163,rat0222,rat0314,rat0222__rat0314,A_vs_A,A_vs_A,3,0.2606060606060606
164,rat0222,rat0314,rat0222__rat0314,A_vs_A,A_vs_A,4,0.5151515151515151
165,rat0222,rat0314,rat0222__rat0314,A_vs_A,A_vs_A,5,0.406060606060606
166,rat0222,rat0314,rat0222__rat0314,A_vs_A,A_vs_A,6,0.34545454545454546
167,rat0222,rat0314,rat0222__rat0314,A_vs_A,A_vs_A,7,0.06666666666666665
168,rat0222,rat0314,rat0222__rat0314,A_vs_A,A_vs_A,8,0.6363636363636362
169,rat0222,rat0314,rat0222__rat0314,A_vs_A,A_vs_A,9,0.5515151515151515
170,rat0222,rat0314,rat0222__rat0314,A_vs_A,A_vs_A,10,0.6969696969696969
171,rat0222,rat0314,rat0222__rat0314,A_vs_A,A_vs_A,11,0.309090909090909
172,rat0222,rat0314,rat0222__rat0314,A_vs_A,A_vs_A,12,0.5393939393939393
173,rat0222,rat0314,rat0222__rat0314,A_vs_A,A_vs_A,13,0.05454545454545454
174,rat0222,rat0314,rat0222__rat0314,A_vs_A,A_vs_A,14,0.6363636363636362
175,rat0222,rat0314,rat0222__rat0314,A_vs_A,A_vs_A,15,0.5636363636363636
176,rat0222,rat0314,rat0222__rat0314,A_vs_A,A_vs_A,16,0.5878787878787878
177,rat0222,rat0314,rat0222__rat0314,A_vs_A,A_vs_A,17,0.10303030303030303
178,rat0222,rat0314,rat0222__rat0314,A_vs_A,A_vs_A,18,0.6727272727272726
179,rat0222,rat0314,rat0222__rat0314,A_vs_A,A_vs_A,19,0.6727272727272726
180,rat0222,rat0314,rat0222__rat0314,A_vs_B,A_vs_B,0,0.35757575757575755
181,rat0222,rat0314,rat0222__rat0314,A_vs_B,A_vs_B,1,0.6484848484848483
182,rat0222,rat0314,rat0222__rat0314,A_vs_B,A_vs_B,2,0.38181818181818183
183,rat0222,rat0314,rat0222__rat0314,A_vs_B,A_vs_B,3,0.12727272727272726
184,rat0222,rat0314,rat0222__rat0314,A_vs_B,A_vs_B,4,0.22424242424242422
185,rat0222,rat0314,rat0222__rat0314,A_vs_B,A_vs_B,5,0.5272727272727272
186,rat0222,rat0314,rat0222__rat0314,A_vs_B,A_vs_B,6,0.6606060606060605
187,rat0222,rat0314,rat0222__rat0314,A_vs_B,A_vs_B,7,0.6363636363636362
188,rat0222,rat0314,rat0222__rat0314,A_vs_B,A_vs_B,8,0.5151515151515151
189,rat0222,rat0314,rat0222__rat0314,A_vs_B,A_vs_B,9,0.35757575757575755
190,rat0222,rat0314,rat0222__rat0314,A_vs_B,A_vs_B,10,0.6727272727272726
191,rat0222,rat0314,rat0222__rat0314,A_vs_B,A_vs_B,11,0.4424242424242424
192,rat0222,rat0314,rat0222__rat0314,A_vs_B,A_vs_B,12,0.5636363636363636
193,rat0222,rat0314,rat0222__rat0314,A_vs_B,A_vs_B,13,-0.35757575757575755
194,rat0222,rat0314,rat0222__rat0314,A_vs_B,A_vs_B,14,0.4787878787878787
195,rat0222,rat0314,rat0222__rat0314,A_vs_B,A_vs_B,15,0.5757575757575757
196,rat0222,rat0314,rat0222__rat0314,A_vs_B,A_vs_B,16,0.49090909090909085
197,rat0222,rat0314,rat0222__rat0314,A_vs_B,A_vs_B,17,-0.13939393939393938
198,rat0222,rat0314,rat0222__rat0314,A_vs_B,A_vs_B,18,0.3696969696969697
199,rat0222,rat0314,rat0222__rat0314,A_vs_B,A_vs_B,19,0.406060606060606
200,rat0222,rat0314,rat0222__rat0314,B_vs_A,A_vs_B,0,0.7575757575757575
201,rat0222,rat0314,rat0222__rat0314,B_vs_A,A_vs_B,1,0.8787878787878788
202,rat0222,rat0314,rat0222__rat0314,B_vs_A,A_vs_B,2,0.7212121212121211
203,rat0222,rat0314,rat0222__rat0314,B_vs_A,A_vs_B,3,0.38181818181818183
204,rat0222,rat0314,rat0222__rat0314,B_vs_A,A_vs_B,4,0.5030303030303029
205,rat0222,rat0314,rat0222__rat0314,B_vs_A,A_vs_B,5,0.4666666666666666
206,rat0222,rat0314,rat0222__rat0314,B_vs_A,A_vs_B,6,0.6121212121212121
207,rat0222,rat0314,rat0222__rat0314,B_vs_A,A_vs_B,7,0.309090909090909
208,rat0222,rat0314,rat0222__rat0314,B_vs_A,A_vs_B,8,0.5757575757575757
209,rat0222,rat0314,rat0222__rat0314,B_vs_A,A_vs_B,9,0.5030303030303029
210,rat0222,rat0314,rat0222__rat0314,B_vs_A,A_vs_B,10,0.43030303030303024
211,rat0222,rat0314,rat0222__rat0314,B_vs_A,A_vs_B,11,-0.0303030303030303
212,rat0222,rat0314,rat0222__rat0314,B_vs_A,A_vs_B,12,0.3939393939393939
213,rat0222,rat0314,rat0222__rat0314,B_vs_A,A_vs_B,13,0.2121212121212121
214,rat0222,rat0314,rat0222__rat0314,B_vs_A,A_vs_B,14,0.7818181818181817
215,rat0222,rat0314,rat0222__rat0314,B_vs_A,A_vs_B,15,0.6121212121212121
216,rat0222,rat0314,rat0222__rat0314,B_vs_A,A_vs_B,16,0.8060606060606059
217,rat0222,rat0314,rat0222__rat0314,B_vs_A,A_vs_B,17,0.8787878787878788
218,rat0222,rat0314,rat0222__rat0314,B_vs_A,A_vs_B,18,0.41818181818181815
219,rat0222,rat0314,rat0222__rat0314,B_vs_A,A_vs_B,19,0.16363636363636364
220,rat0222,rat0314,rat0222__rat0314,B_vs_B,B_vs_B,0,0.5878787878787878
221,rat0222,rat0314,rat0222__rat0314,B_vs_B,B_vs_B,1,0.6363636363636362
222,rat0222,rat0314,rat0222__rat0314,B_vs_B,B_vs_B,2,0.3939393939393939
223,rat0222,rat0314,rat0222__rat0314,B_vs_B,B_vs_B,3,0.22424242424242422
224,rat0222,rat0314,rat0222__rat0314,B_vs_B,B_vs_B,4,0.10303030303030303
225,rat0222,rat0314,rat0222__rat0314,B_vs_B,B_vs_B,5,-0.1515151515151515
226,rat0222,rat0314,rat0222__rat0314,B_vs_B,B_vs_B,6,0.7454545454545454
227,rat0222,rat0314,rat0222__rat0314,B_vs_B,B_vs_B,7,0.43030303030303024
228,rat0222,rat0314,rat0222__rat0314,B_vs_B,B_vs_B,8,0.5636363636363636
229,rat0222,rat0314,rat0222__rat0314,B_vs_B,B_vs_B,9,0.1515151515151515
230,rat0222,rat0314,rat0222__rat0314,B_vs_B,B_vs_B,10,0.6484848484848483
231,rat0222,rat0314,rat0222__rat0314,B_vs_B,B_vs_B,11,0.24848484848484845
232,rat0222,rat0314,rat0222__rat0314,B_vs_B,B_vs_B,12,0.19999999999999998
233,rat0222,rat0314,rat0222__rat0314,B_vs_B,B_vs_B,13,-0.28484848484848485
234,rat0222,rat0314,rat0222__rat0314,B_vs_B,B_vs_B,14,0.9030303030303028
235,rat0222,rat0314,rat0222__rat0314,B_vs_B,B_vs_B,15,0.11515151515151514
236,rat0222,rat0314,rat0222__rat0314,B_vs_B,B_vs_B,16,0.8060606060606059
237,rat0222,rat0314,rat0222__rat0314,B_vs_B,B_vs_B,17,0.6
238,rat0222,rat0314,rat0222__rat0314,B_vs_B,B_vs_B,18,0.3696969696969697
239,rat0222,rat0314,rat0222__rat0314,B_vs_B,B_vs_B,19,0.13939393939393938
240,rat0222,rat0816,rat0222__rat0816,A_vs_A,A_vs_A,0,0.7575757575757575
241,rat0222,rat0816,rat0222__rat0816,A_vs_A,A_vs_A,1,0.8787878787878788
242,rat0222,rat0816,rat0222__rat0816,A_vs_A,A_vs_A,2,-0.0303030303030303
243,rat0222,rat0816,rat0222__rat0816,A_vs_A,A_vs_A,3,0.8666666666666665
244,rat0222,rat0816,rat0222__rat0816,A_vs_A,A_vs_A,4,0.9151515151515152
245,rat0222,rat0816,rat0222__rat0816,A_vs_A,A_vs_A,5,0.3939393939393939
246,rat0222,rat0816,rat0222__rat0816,A_vs_A,A_vs_A,6,0.43030303030303024
247,rat0222,rat0816,rat0222__rat0816,A_vs_A,A_vs_A,7,0.709090909090909
248,rat0222,rat0816,rat0222__rat0816,A_vs_A,A_vs_A,8,0.7575757575757575
249,rat0222,rat0816,rat0222__rat0816,A_vs_A,A_vs_A,9,0.11515151515151514
250,rat0222,rat0816,rat0222__rat0816,A_vs_A,A_vs_A,10,0.5878787878787878
251,rat0222,rat0816,rat0222__rat0816,A_vs_A,A_vs_A,11,0.3939393939393939
252,rat0222,rat0816,rat0222__rat0816,A_vs_A,A_vs_A,12,0.5272727272727272
253,rat0222,rat0816,rat0222__rat0816,A_vs_A,A_vs_A,13,0.43030303030303024
254,rat0222,rat0816,rat0222__rat0816,A_vs_A,A_vs_A,14,0.8787878787878788
255,rat0222,rat0816,rat0222__rat0816,A_vs_A,A_vs_A,15,0.7454545454545454
256,rat0222,rat0816,rat0222__rat0816,A_vs_A,A_vs_A,16,0.7575757575757575
257,rat0222,rat0816,rat0222__rat0816,A_vs_A,A_vs_A,17,0.22424242424242422
258,rat0222,rat0816,rat0222__rat0816,A_vs_A,A_vs_A,18,0.5757575757575757
259,rat0222,rat0816,rat0222__rat0816,A_vs_A,A_vs_A,19,0.8060606060606059
260,rat0222,rat0816,rat0222__rat0816,A_vs_B,A_vs_B,0,0.8666666666666665
261,rat0222,rat0816,rat0222__rat0816,A_vs_B,A_vs_B,1,0.8909090909090909
262,rat0222,rat0816,rat0222__rat0816,A_vs_B,A_vs_B,2,0.22424242424242422
263,rat0222,rat0816,rat0222__rat0816,A_vs_B,A_vs_B,3,0.5636363636363636
264,rat0222,rat0816,rat0222__rat0816,A_vs_B,A_vs_B,4,0.6727272727272726
265,rat0222,rat0816,rat0222__rat0816,A_vs_B,A_vs_B,5,0.6121212121212121
266,rat0222,rat0816,rat0222__rat0816,A_vs_B,A_vs_B,6,0.8545454545454544
267,rat0222,rat0816,rat0222__rat0816,A_vs_B,A_vs_B,7,0.4666666666666666
268,rat0222,rat0816,rat0222__rat0816,A_vs_B,A_vs_B,8,0.5272727272727272
269,rat0222,rat0816,rat0222__rat0816,A_vs_B,A_vs_B,9,0.406060606060606
270,rat0222,rat0816,rat0222__rat0816,A_vs_B,A_vs_B,10,0.8424242424242423
271,rat0222,rat0816,rat0222__rat0816,A_vs_B,A_vs_B,11,0.8424242424242423
272,rat0222,rat0816,rat0222__rat0816,A_vs_B,A_vs_B,12,0.3696969696969697
273,rat0222,rat0816,rat0222__rat0816,A_vs_B,A_vs_B,13,0.16363636363636364
274,rat0222,rat0816,rat0222__rat0816,A_vs_B,A_vs_B,14,0.7939393939393938
275,rat0222,rat0816,rat0222__rat0816,A_vs_B,A_vs_B,15,0.8909090909090909
276,rat0222,rat0816,rat0222__rat0816,A_vs_B,A_vs_B,16,0.8909090909090909
277,rat0222,rat0816,rat0222__rat0816,A_vs_B,A_vs_B,17,-0.10303030303030303
278,rat0222,rat0816,rat0222__rat0816,A_vs_B,A_vs_B,18,0.4787878787878787
279,rat0222,rat0816,rat0222__rat0816,A_vs_B,A_vs_B,19,0.5030303030303029
280,rat0222,rat0816,rat0222__rat0816,B_vs_A,A_vs_B,0,0.7939393939393938
281,rat0222,rat0816,rat0222__rat0816,B_vs_A,A_vs_B,1,0.8060606060606059
282,rat0222,rat0816,rat0222__rat0816,B_vs_A,A_vs_B,2,0.7818181818181817
283,rat0222,rat0816,rat0222__rat0816,B_vs_A,A_vs_B,3,0.4787878787878787
284,rat0222,rat0816,rat0222__rat0816,B_vs_A,A_vs_B,4,0.8666666666666665
285,rat0222,rat0816,rat0222__rat0816,B_vs_A,A_vs_B,5,0.6121212121212121
286,rat0222,rat0816,rat0222__rat0816,B_vs_A,A_vs_B,6,0.6848484848484848
287,rat0222,rat0816,rat0222__rat0816,B_vs_A,A_vs_B,7,0.7575757575757575
288,rat0222,rat0816,rat0222__rat0816,B_vs_A,A_vs_B,8,0.7333333333333332
289,rat0222,rat0816,rat0222__rat0816,B_vs_A,A_vs_B,9,0.309090909090909
290,rat0222,rat0816,rat0222__rat0816,B_vs_A,A_vs_B,10,0.5030303030303029
291,rat0222,rat0816,rat0222__rat0816,B_vs_A,A_vs_B,11,0.09090909090909088
292,rat0222,rat0816,rat0222__rat0816,B_vs_A,A_vs_B,12,0.6727272727272726
293,rat0222,rat0816,rat0222__rat0816,B_vs_A,A_vs_B,13,0.5757575757575757
294,rat0222,rat0816,rat0222__rat0816,B_vs_A,A_vs_B,14,0.5757575757575757
295,rat0222,rat0816,rat0222__rat0816,B_vs_A,A_vs_B,15,0.12727272727272726
296,rat0222,rat0816,rat0222__rat0816,B_vs_A,A_vs_B,16,0.8545454545454544
297,rat0222,rat0816,rat0222__rat0816,B_vs_A,A_vs_B,17,0.9030303030303028
298,rat0222,rat0816,rat0222__rat0816,B_vs_A,A_vs_B,18,0.5030303030303029
299,rat0222,rat0816,rat0222__rat0816,B_vs_A,A_vs_B,19,0.5636363636363636
300,rat0222,rat0816,rat0222__rat0816,B_vs_B,B_vs_B,0,0.8303030303030302
301,rat0222,rat0816,rat0222__rat0816,B_vs_B,B_vs_B,1,0.7454545454545454
302,rat0222,rat0816,rat0222__rat0816,B_vs_B,B_vs_B,2,0.8909090909090909
303,rat0222,rat0816,rat0222__rat0816,B_vs_B,B_vs_B,3,0.709090909090909
304,rat0222,rat0816,rat0222__rat0816,B_vs_B,B_vs_B,4,0.6727272727272726
305,rat0222,rat0816,rat0222__rat0816,B_vs_B,B_vs_B,5,0.6606060606060605
306,rat0222,rat0816,rat0222__rat0816,B_vs_B,B_vs_B,6,0.5030303030303029
307,rat0222,rat0816,rat0222__rat0816,B_vs_B,B_vs_B,7,0.709090909090909
308,rat0222,rat0816,rat0222__rat0816,B_vs_B,B_vs_B,8,0.9030303030303028
309,rat0222,rat0816,rat0222__rat0816,B_vs_B,B_vs_B,9,0.4545454545454545
310,rat0222,rat0816,rat0222__rat0816,B_vs_B,B_vs_B,10,0.6363636363636362
311,rat0222,rat0816,rat0222__rat0816,B_vs_B,B_vs_B,11,-0.22424242424242422
312,rat0222,rat0816,rat0222__rat0816,B_vs_B,B_vs_B,12,0.12727272727272726
313,rat0222,rat0816,rat0222__rat0816,B_vs_B,B_vs_B,13,0.8787878787878788
314,rat0222,rat0816,rat0222__rat0816,B_vs_B,B_vs_B,14,0.7939393939393938
315,rat0222,rat0816,rat0222__rat0816,B_vs_B,B_vs_B,15,0.5272727272727272
316,rat0222,rat0816,rat0222__rat0816,B_vs_B,B_vs_B,16,0.8545454545454544
317,rat0222,rat0816,rat0222__rat0816,B_vs_B,B_vs_B,17,0.4545454545454545
318,rat0222,rat0816,rat0222__rat0816,B_vs_B,B_vs_B,18,0.7333333333333332
319,rat0222,rat0816,rat0222__rat0816,B_vs_B,B_vs_B,19,0.5757575757575757
320,rat0307,rat0313,rat0307__rat0313,A_vs_A,A_vs_A,0,0.6242424242424242
321,rat0307,rat0313,rat0307__rat0313,A_vs_A,A_vs_A,1,0.9151515151515152
322,rat0307,rat0313,rat0307__rat0313,A_vs_A,A_vs_A,2,0.6848484848484848
323,rat0307,rat0313,rat0307__rat0313,A_vs_A,A_vs_A,3,0.9272727272727272
324,rat0307,rat0313,rat0307__rat0313,A_vs_A,A_vs_A,4,0.8909090909090909
325,rat0307,rat0313,rat0307__rat0313,A_vs_A,A_vs_A,5,0.8424242424242423
326,rat0307,rat0313,rat0307__rat0313,A_vs_A,A_vs_A,6,0.9272727272727272
327,rat0307,rat0313,rat0307__rat0313,A_vs_A,A_vs_A,7,0.7454545454545454
328,rat0307,rat0313,rat0307__rat0313,A_vs_A,A_vs_A,8,0.5151515151515151
329,rat0307,rat0313,rat0307__rat0313,A_vs_A,A_vs_A,9,0.43030303030303024
330,rat0307,rat0313,rat0307__rat0313,A_vs_A,A_vs_A,10,0.8666666666666665
331,rat0307,rat0313,rat0307__rat0313,A_vs_A,A_vs_A,11,0.49090909090909085
332,rat0307,rat0313,rat0307__rat0313,A_vs_A,A_vs_A,12,0.5515151515151515
333,rat0307,rat0313,rat0307__rat0313,A_vs_A,A_vs_A,13,0.006060606060606061
334,rat0307,rat0313,rat0307__rat0313,A_vs_A,A_vs_A,14,0.8060606060606059
335,rat0307,rat0313,rat0307__rat0313,A_vs_A,A_vs_A,15,0.19999999999999998
336,rat0307,rat0313,rat0307__rat0313,A_vs_A,A_vs_A,16,0.8666666666666665
337,rat0307,rat0313,rat0307__rat0313,A_vs_A,A_vs_A,17,0.7818181818181817
338,rat0307,rat0313,rat0307__rat0313,A_vs_A,A_vs_A,18,0.6848484848484848
339,rat0307,rat0313,rat0307__rat0313,A_vs_A,A_vs_A,19,0.7212121212121211
340,rat0307,rat0313,rat0307__rat0313,A_vs_B,A_vs_B,0,0.33333333333333326
341,rat0307,rat0313,rat0307__rat0313,A_vs_B,A_vs_B,1,0.9757575757575757
342,rat0307,rat0313,rat0307__rat0313,A_vs_B,A_vs_B,2,0.6848484848484848
343,rat0307,rat0313,rat0307__rat0313,A_vs_B,A_vs_B,3,0.4666666666666666
344,rat0307,rat0313,rat0307__rat0313,A_vs_B,A_vs_B,4,0.5272727272727272
345,rat0307,rat0313,rat0307__rat0313,A_vs_B,A_vs_B,5,0.8666666666666665
346,rat0307,rat0313,rat0307__rat0313,A_vs_B,A_vs_B,6,0.9636363636363635
347,rat0307,rat0313,rat0307__rat0313,A_vs_B,A_vs_B,7,0.6848484848484848
348,rat0307,rat0313,rat0307__rat0313,A_vs_B,A_vs_B,8,0.3696969696969697
349,rat0307,rat0313,rat0307__rat0313,A_vs_B,A_vs_B,9,0.7333333333333332
350,rat0307,rat0313,rat0307__rat0313,A_vs_B,A_vs_B,10,0.9515151515151514
351,rat0307,rat0313,rat0307__rat0313,A_vs_B,A_vs_B,11,0.8424242424242423
352,rat0307,rat0313,rat0307__rat0313,A_vs_B,A_vs_B,12,0.6606060606060605
353,rat0307,rat0313,rat0307__rat0313,A_vs_B,A_vs_B,13,0.5030303030303029
354,rat0307,rat0313,rat0307__rat0313,A_vs_B,A_vs_B,14,0.4424242424242424
355,rat0307,rat0313,rat0307__rat0313,A_vs_B,A_vs_B,15,0.4787878787878787
356,rat0307,rat0313,rat0307__rat0313,A_vs_B,A_vs_B,16,0.8909090909090909
357,rat0307,rat0313,rat0307__rat0313,A_vs_B,A_vs_B,17,0.6848484848484848
358,rat0307,rat0313,rat0307__rat0313,A_vs_B,A_vs_B,18,0.8303030303030302
359,rat0307,rat0313,rat0307__rat0313,A_vs_B,A_vs_B,19,0.6727272727272726
360,rat0307,rat0313,rat0307__rat0313,B_vs_A,A_vs_B,0,-0.1515151515151515
361,rat0307,rat0313,rat0307__rat0313,B_vs_A,A_vs_B,1,0.33333333333333326
362,rat0307,rat0313,rat0307__rat0313,B_vs_A,A_vs_B,2,0.6121212121212121
363,rat0307,rat0313,rat0307__rat0313,B_vs_A,A_vs_B,3,0.6363636363636362
364,rat0307,rat0313,rat0307__rat0313,B_vs_A,A_vs_B,4,0.6727272727272726
365,rat0307,rat0313,rat0307__rat0313,B_vs_A,A_vs_B,5,-0.006060606060606061
366,rat0307,rat0313,rat0307__rat0313,B_vs_A,A_vs_B,6,-0.10303030303030303
367,rat0307,rat0313,rat0307__rat0313,B_vs_A,A_vs_B,7,0.6848484848484848
368,rat0307,rat0313,rat0307__rat0313,B_vs_A,A_vs_B,8,0.5393939393939393
369,rat0307,rat0313,rat0307__rat0313,B_vs_A,A_vs_B,9,0.6606060606060605
370,rat0307,rat0313,rat0307__rat0313,B_vs_A,A_vs_B,10,0.4666666666666666
371,rat0307,rat0313,rat0307__rat0313,B_vs_A,A_vs_B,11,0.06666666666666665
372,rat0307,rat0313,rat0307__rat0313,B_vs_A,A_vs_B,12,0.7212121212121211
373,rat0307,rat0313,rat0307__rat0313,B_vs_A,A_vs_B,13,0.006060606060606061
374,rat0307,rat0313,rat0307__rat0313,B_vs_A,A_vs_B,14,0.7212121212121211
375,rat0307,rat0313,rat0307__rat0313,B_vs_A,A_vs_B,15,0.09090909090909088
376,rat0307,rat0313,rat0307__rat0313,B_vs_A,A_vs_B,16,0.06666666666666665
377,rat0307,rat0313,rat0307__rat0313,B_vs_A,A_vs_B,17,0.0303030303030303
378,rat0307,rat0313,rat0307__rat0313,B_vs_A,A_vs_B,18,0.309090909090909
379,rat0307,rat0313,rat0307__rat0313,B_vs_A,A_vs_B,19,-0.22424242424242422
380,rat0307,rat0313,rat0307__rat0313,B_vs_B,B_vs_B,0,-0.09090909090909088
381,rat0307,rat0313,rat0307__rat0313,B_vs_B,B_vs_B,1,0.5151515151515151
382,rat0307,rat0313,rat0307__rat0313,B_vs_B,B_vs_B,2,0.9272727272727272
383,rat0307,rat0313,rat0307__rat0313,B_vs_B,B_vs_B,3,0.29696969696969694
384,rat0307,rat0313,rat0307__rat0313,B_vs_B,B_vs_B,4,0.7333333333333332
385,rat0307,rat0313,rat0307__rat0313,B_vs_B,B_vs_B,5,-0.006060606060606061
386,rat0307,rat0313,rat0307__rat0313,B_vs_B,B_vs_B,6,0.2121212121212121
387,rat0307,rat0313,rat0307__rat0313,B_vs_B,B_vs_B,7,0.8181818181818182
388,rat0307,rat0313,rat0307__rat0313,B_vs_B,B_vs_B,8,0.34545454545454546
389,rat0307,rat0313,rat0307__rat0313,B_vs_B,B_vs_B,9,0.8181818181818182
390,rat0307,rat0313,rat0307__rat0313,B_vs_B,B_vs_B,10,0.709090909090909
391,rat0307,rat0313,rat0307__rat0313,B_vs_B,B_vs_B,11,0.5393939393939393
392,rat0307,rat0313,rat0307__rat0313,B_vs_B,B_vs_B,12,0.22424242424242422
393,rat0307,rat0313,rat0307__rat0313,B_vs_B,B_vs_B,13,0.41818181818181815
394,rat0307,rat0313,rat0307__rat0313,B_vs_B,B_vs_B,14,0.8181818181818182
395,rat0307,rat0313,rat0307__rat0313,B_vs_B,B_vs_B,15,0.43030303030303024
396,rat0307,rat0313,rat0307__rat0313,B_vs_B,B_vs_B,16,0.09090909090909088
397,rat0307,rat0313,rat0307__rat0313,B_vs_B,B_vs_B,17,0.24848484848484845
398,rat0307,rat0313,rat0307__rat0313,B_vs_B,B_vs_B,18,0.5151515151515151
399,rat0307,rat0313,rat0307__rat0313,B_vs_B,B_vs_B,19,-0.12727272727272726
400,rat0307,rat0314,rat0307__rat0314,A_vs_A,A_vs_A,0,0.309090909090909
401,rat0307,rat0314,rat0307__rat0314,A_vs_A,A_vs_A,1,0.6
402,rat0307,rat0314,rat0307__rat0314,A_vs_A,A_vs_A,2,0.7818181818181817
403,rat0307,rat0314,rat0307__rat0314,A_vs_A,A_vs_A,3,0.5030303030303029
404,rat0307,rat0314,rat0307__rat0314,A_vs_A,A_vs_A,4,0.5757575757575757
405,rat0307,rat0314,rat0307__rat0314,A_vs_A,A_vs_A,5,0.5757575757575757
406,rat0307,rat0314,rat0307__rat0314,A_vs_A,A_vs_A,6,0.9151515151515152
407,rat0307,rat0314,rat0307__rat0314,A_vs_A,A_vs_A,7,0.5878787878787878
408,rat0307,rat0314,rat0307__rat0314,A_vs_A,A_vs_A,8,0.8060606060606059
409,rat0307,rat0314,rat0307__rat0314,A_vs_A,A_vs_A,9,0.6242424242424242
410,rat0307,rat0314,rat0307__rat0314,A_vs_A,A_vs_A,10,0.7818181818181817
411,rat0307,rat0314,rat0307__rat0314,A_vs_A,A_vs_A,11,0.5515151515151515
412,rat0307,rat0314,rat0307__rat0314,A_vs_A,A_vs_A,12,0.6606060606060605
413,rat0307,rat0314,rat0307__rat0314,A_vs_A,A_vs_A,13,0.7939393939393938
414,rat0307,rat0314,rat0307__rat0314,A_vs_A,A_vs_A,14,0.709090909090909
415,rat0307,rat0314,rat0307__rat0314,A_vs_A,A_vs_A,15,0.06666666666666665
416,rat0307,rat0314,rat0307__rat0314,A_vs_A,A_vs_A,16,0.309090909090909
417,rat0307,rat0314,rat0307__rat0314,A_vs_A,A_vs_A,17,0.8787878787878788
418,rat0307,rat0314,rat0307__rat0314,A_vs_A,A_vs_A,18,0.406060606060606
419,rat0307,rat0314,rat0307__rat0314,A_vs_A,A_vs_A,19,0.6606060606060605
420,rat0307,rat0314,rat0307__rat0314,A_vs_B,A_vs_B,0,-0.2121212121212121
421,rat0307,rat0314,rat0307__rat0314,A_vs_B,A_vs_B,1,0.7939393939393938
422,rat0307,rat0314,rat0307__rat0314,A_vs_B,A_vs_B,2,0.5757575757575757
423,rat0307,rat0314,rat0307__rat0314,A_vs_B,A_vs_B,3,0.32121212121212117
424,rat0307,rat0314,rat0307__rat0314,A_vs_B,A_vs_B,4,0.22424242424242422
425,rat0307,rat0314,rat0307__rat0314,A_vs_B,A_vs_B,5,0.4787878787878787
426,rat0307,rat0314,rat0307__rat0314,A_vs_B,A_vs_B,6,0.5272727272727272
427,rat0307,rat0314,rat0307__rat0314,A_vs_B,A_vs_B,7,0.5515151515151515
428,rat0307,rat0314,rat0307__rat0314,A_vs_B,A_vs_B,8,0.6121212121212121
429,rat0307,rat0314,rat0307__rat0314,A_vs_B,A_vs_B,9,0.6848484848484848
430,rat0307,rat0314,rat0307__rat0314,A_vs_B,A_vs_B,10,0.38181818181818183
431,rat0307,rat0314,rat0307__rat0314,A_vs_B,A_vs_B,11,0.5151515151515151
432,rat0307,rat0314,rat0307__rat0314,A_vs_B,A_vs_B,12,0.5272727272727272
433,rat0307,rat0314,rat0307__rat0314,A_vs_B,A_vs_B,13,-0.07878787878787878
434,rat0307,rat0314,rat0307__rat0314,A_vs_B,A_vs_B,14,0.43030303030303024
435,rat0307,rat0314,rat0307__rat0314,A_vs_B,A_vs_B,15,0.3939393939393939
436,rat0307,rat0314,rat0307__rat0314,A_vs_B,A_vs_B,16,0.34545454545454546
437,rat0307,rat0314,rat0307__rat0314,A_vs_B,A_vs_B,17,0.41818181818181815
438,rat0307,rat0314,rat0307__rat0314,A_vs_B,A_vs_B,18,0.22424242424242422
439,rat0307,rat0314,rat0307__rat0314,A_vs_B,A_vs_B,19,0.6484848484848483
440,rat0307,rat0314,rat0307__rat0314,B_vs_A,A_vs_B,0,0.01818181818181818
441,rat0307,rat0314,rat0307__rat0314,B_vs_A,A_vs_B,1,0.4666666666666666
442,rat0307,rat0314,rat0307__rat0314,B_vs_A,A_vs_B,2,0.8787878787878788
443,rat0307,rat0314,rat0307__rat0314,B_vs_A,A_vs_B,3,0.5757575757575757
444,rat0307,rat0314,rat0307__rat0314,B_vs_A,A_vs_B,4,0.04242424242424241
445,rat0307,rat0314,rat0307__rat0314,B_vs_A,A_vs_B,5,0.10303030303030303
446,rat0307,rat0314,rat0307__rat0314,B_vs_A,A_vs_B,6,0.29696969696969694
447,rat0307,rat0314,rat0307__rat0314,B_vs_A,A_vs_B,7,0.5393939393939393
448,rat0307,rat0314,rat0307__rat0314,B_vs_A,A_vs_B,8,0.41818181818181815
449,rat0307,rat0314,rat0307__rat0314,B_vs_A,A_vs_B,9,0.2606060606060606
450,rat0307,rat0314,rat0307__rat0314,B_vs_A,A_vs_B,10,0.6121212121212121
451,rat0307,rat0314,rat0307__rat0314,B_vs_A,A_vs_B,11,0.2606060606060606
452,rat0307,rat0314,rat0307__rat0314,B_vs_A,A_vs_B,12,0.18787878787878787
453,rat0307,rat0314,rat0307__rat0314,B_vs_A,A_vs_B,13,0.5030303030303029
454,rat0307,rat0314,rat0307__rat0314,B_vs_A,A_vs_B,14,0.7696969696969697
455,rat0307,rat0314,rat0307__rat0314,B_vs_A,A_vs_B,15,0.12727272727272726
456,rat0307,rat0314,rat0307__rat0314,B_vs_A,A_vs_B,16,0.28484848484848485
457,rat0307,rat0314,rat0307__rat0314,B_vs_A,A_vs_B,17,0.05454545454545454
458,rat0307,rat0314,rat0307__rat0314,B_vs_A,A_vs_B,18,0.32121212121212117
459,rat0307,rat0314,rat0307__rat0314,B_vs_A,A_vs_B,19,-0.32121212121212117
460,rat0307,rat0314,rat0307__rat0314,B_vs_B,B_vs_B,0,-0.19999999999999998
461,rat0307,rat0314,rat0307__rat0314,B_vs_B,B_vs_B,1,0.29696969696969694
462,rat0307,rat0314,rat0307__rat0314,B_vs_B,B_vs_B,2,0.8303030303030302
463,rat0307,rat0314,rat0307__rat0314,B_vs_B,B_vs_B,3,0.2606060606060606
464,rat0307,rat0314,rat0307__rat0314,B_vs_B,B_vs_B,4,-0.3939393939393939
465,rat0307,rat0314,rat0307__rat0314,B_vs_B,B_vs_B,5,-0.16363636363636364
466,rat0307,rat0314,rat0307__rat0314,B_vs_B,B_vs_B,6,0.4787878787878787
467,rat0307,rat0314,rat0307__rat0314,B_vs_B,B_vs_B,7,0.5636363636363636
468,rat0307,rat0314,rat0307__rat0314,B_vs_B,B_vs_B,8,0.4666666666666666
469,rat0307,rat0314,rat0307__rat0314,B_vs_B,B_vs_B,9,0.24848484848484845
470,rat0307,rat0314,rat0307__rat0314,B_vs_B,B_vs_B,10,0.3696969696969697
471,rat0307,rat0314,rat0307__rat0314,B_vs_B,B_vs_B,11,0.5757575757575757
472,rat0307,rat0314,rat0307__rat0314,B_vs_B,B_vs_B,12,0.12727272727272726
473,rat0307,rat0314,rat0307__rat0314,B_vs_B,B_vs_B,13,-0.01818181818181818
474,rat0307,rat0314,rat0307__rat0314,B_vs_B,B_vs_B,14,0.9151515151515152
475,rat0307,rat0314,rat0307__rat0314,B_vs_B,B_vs_B,15,0.10303030303030303
476,rat0307,rat0314,rat0307__rat0314,B_vs_B,B_vs_B,16,0.23636363636363633
477,rat0307,rat0314,rat0307__rat0314,B_vs_B,B_vs_B,17,0.17575757575757575
478,rat0307,rat0314,rat0307__rat0314,B_vs_B,B_vs_B,18,0.19999999999999998
479,rat0307,rat0314,rat0307__rat0314,B_vs_B,B_vs_B,19,-0.2727272727272727
480,rat0307,rat0816,rat0307__rat0816,A_vs_A,A_vs_A,0,0.5636363636363636
481,rat0307,rat0816,rat0307__rat0816,A_vs_A,A_vs_A,1,0.8424242424242423
482,rat0307,rat0816,rat0307__rat0816,A_vs_A,A_vs_A,2,0.6606060606060605
483,rat0307,rat0816,rat0307__rat0816,A_vs_A,A_vs_A,3,0.9757575757575757
484,rat0307,rat0816,rat0307__rat0816,A_vs_A,A_vs_A,4,0.709090909090909
485,rat0307,rat0816,rat0307__rat0816,A_vs_A,A_vs_A,5,0.7333333333333332
486,rat0307,rat0816,rat0307__rat0816,A_vs_A,A_vs_A,6,0.8909090909090909
487,rat0307,rat0816,rat0307__rat0816,A_vs_A,A_vs_A,7,0.6606060606060605
488,rat0307,rat0816,rat0307__rat0816,A_vs_A,A_vs_A,8,0.7818181818181817
489,rat0307,rat0816,rat0307__rat0816,A_vs_A,A_vs_A,9,0.7212121212121211
490,rat0307,rat0816,rat0307__rat0816,A_vs_A,A_vs_A,10,0.9757575757575757
491,rat0307,rat0816,rat0307__rat0816,A_vs_A,A_vs_A,11,0.5272727272727272
492,rat0307,rat0816,rat0307__rat0816,A_vs_A,A_vs_A,12,0.6363636363636362
493,rat0307,rat0816,rat0307__rat0816,A_vs_A,A_vs_A,13,0.6606060606060605
494,rat0307,rat0816,rat0307__rat0816,A_vs_A,A_vs_A,14,0.7454545454545454
495,rat0307,rat0816,rat0307__rat0816,A_vs_A,A_vs_A,15,0.4545454545454545
496,rat0307,rat0816,rat0307__rat0816,A_vs_A,A_vs_A,16,0.8303030303030302
497,rat0307,rat0816,rat0307__rat0816,A_vs_A,A_vs_A,17,0.9151515151515152
498,rat0307,rat0816,rat0307__rat0816,A_vs_A,A_vs_A,18,0.7575757575757575
499,rat0307,rat0816,rat0307__rat0816,A_vs_A,A_vs_A,19,0.8666666666666665
500,rat0307,rat0816,rat0307__rat0816,A_vs_B,A_vs_B,0,0.2606060606060606
501,rat0307,rat0816,rat0307__rat0816,A_vs_B,A_vs_B,1,0.8303030303030302
502,rat0307,rat0816,rat0307__rat0816,A_vs_B,A_vs_B,2,0.8181818181818182
503,rat0307,rat0816,rat0307__rat0816,A_vs_B,A_vs_B,3,0.6121212121212121
504,rat0307,rat0816,rat0307__rat0816,A_vs_B,A_vs_B,4,0.6969696969696969
505,rat0307,rat0816,rat0307__rat0816,A_vs_B,A_vs_B,5,0.8787878787878788
506,rat0307,rat0816,rat0307__rat0816,A_vs_B,A_vs_B,6,0.5151515151515151
507,rat0307,rat0816,rat0307__rat0816,A_vs_B,A_vs_B,7,0.5151515151515151
508,rat0307,rat0816,rat0307__rat0816,A_vs_B,A_vs_B,8,0.5757575757575757
509,rat0307,rat0816,rat0307__rat0816,A_vs_B,A_vs_B,9,0.8181818181818182
510,rat0307,rat0816,rat0307__rat0816,A_vs_B,A_vs_B,10,0.3696969696969697
511,rat0307,rat0816,rat0307__rat0816,A_vs_B,A_vs_B,11,0.9515151515151514
512,rat0307,rat0816,rat0307__rat0816,A_vs_B,A_vs_B,12,0.17575757575757575
513,rat0307,rat0816,rat0307__rat0816,A_vs_B,A_vs_B,13,0.22424242424242422
514,rat0307,rat0816,rat0307__rat0816,A_vs_B,A_vs_B,14,0.6363636363636362
515,rat0307,rat0816,rat0307__rat0816,A_vs_B,A_vs_B,15,0.2727272727272727
516,rat0307,rat0816,rat0307__rat0816,A_vs_B,A_vs_B,16,0.5151515151515151
517,rat0307,rat0816,rat0307__rat0816,A_vs_B,A_vs_B,17,0.4666666666666666
518,rat0307,rat0816,rat0307__rat0816,A_vs_B,A_vs_B,18,0.6727272727272726
519,rat0307,rat0816,rat0307__rat0816,A_vs_B,A_vs_B,19,0.8787878787878788
520,rat0307,rat0816,rat0307__rat0816,B_vs_A,A_vs_B,0,-0.09090909090909088
521,rat0307,rat0816,rat0307__rat0816,B_vs_A,A_vs_B,1,0.6121212121212121
522,rat0307,rat0816,rat0307__rat0816,B_vs_A,A_vs_B,2,0.709090909090909
523,rat0307,rat0816,rat0307__rat0816,B_vs_A,A_vs_B,3,0.7333333333333332
524,rat0307,rat0816,rat0307__rat0816,B_vs_A,A_vs_B,4,0.09090909090909088
525,rat0307,rat0816,rat0307__rat0816,B_vs_A,A_vs_B,5,-0.34545454545454546
526,rat0307,rat0816,rat0307__rat0816,B_vs_A,A_vs_B,6,0.38181818181818183
527,rat0307,rat0816,rat0307__rat0816,B_vs_A,A_vs_B,7,0.9030303030303028
528,rat0307,rat0816,rat0307__rat0816,B_vs_A,A_vs_B,8,0.4666666666666666
529,rat0307,rat0816,rat0307__rat0816,B_vs_A,A_vs_B,9,0.7575757575757575
530,rat0307,rat0816,rat0307__rat0816,B_vs_A,A_vs_B,10,0.6606060606060605
531,rat0307,rat0816,rat0307__rat0816,B_vs_A,A_vs_B,11,0.5151515151515151
532,rat0307,rat0816,rat0307__rat0816,B_vs_A,A_vs_B,12,0.01818181818181818
533,rat0307,rat0816,rat0307__rat0816,B_vs_A,A_vs_B,13,0.6606060606060605
534,rat0307,rat0816,rat0307__rat0816,B_vs_A,A_vs_B,14,0.6727272727272726
535,rat0307,rat0816,rat0307__rat0816,B_vs_A,A_vs_B,15,0.28484848484848485
536,rat0307,rat0816,rat0307__rat0816,B_vs_A,A_vs_B,16,0.13939393939393938
537,rat0307,rat0816,rat0307__rat0816,B_vs_A,A_vs_B,17,0.09090909090909088
538,rat0307,rat0816,rat0307__rat0816,B_vs_A,A_vs_B,18,0.2606060606060606
539,rat0307,rat0816,rat0307__rat0816,B_vs_A,A_vs_B,19,-0.10303030303030303
540,rat0307,rat0816,rat0307__rat0816,B_vs_B,B_vs_B,0,0.07878787878787878
541,rat0307,rat0816,rat0307__rat0816,B_vs_B,B_vs_B,1,0.6848484848484848
542,rat0307,rat0816,rat0307__rat0816,B_vs_B,B_vs_B,2,0.8060606060606059
543,rat0307,rat0816,rat0307__rat0816,B_vs_B,B_vs_B,3,0.34545454545454546
544,rat0307,rat0816,rat0307__rat0816,B_vs_B,B_vs_B,4,0.28484848484848485
545,rat0307,rat0816,rat0307__rat0816,B_vs_B,B_vs_B,5,-0.04242424242424241
546,rat0307,rat0816,rat0307__rat0816,B_vs_B,B_vs_B,6,0.22424242424242422
547,rat0307,rat0816,rat0307__rat0816,B_vs_B,B_vs_B,7,0.8181818181818182
548,rat0307,rat0816,rat0307__rat0816,B_vs_B,B_vs_B,8,0.5878787878787878
549,rat0307,rat0816,rat0307__rat0816,B_vs_B,B_vs_B,9,0.7333333333333332
550,rat0307,rat0816,rat0307__rat0816,B_vs_B,B_vs_B,10,0.5393939393939393
551,rat0307,rat0816,rat0307__rat0816,B_vs_B,B_vs_B,11,0.18787878787878787
552,rat0307,rat0816,rat0307__rat0816,B_vs_B,B_vs_B,12,0.6
553,rat0307,rat0816,rat0307__rat0816,B_vs_B,B_vs_B,13,0.06666666666666665
554,rat0307,rat0816,rat0307__rat0816,B_vs_B,B_vs_B,14,0.6727272727272726
555,rat0307,rat0816,rat0307__rat0816,B_vs_B,B_vs_B,15,0.22424242424242422
556,rat0307,rat0816,rat0307__rat0816,B_vs_B,B_vs_B,16,0.19999999999999998
557,rat0307,rat0816,rat0307__rat0816,B_vs_B,B_vs_B,17,-0.4545454545454545
558,rat0307,rat0816,rat0307__rat0816,B_vs_B,B_vs_B,18,0.18787878787878787
559,rat0307,rat0816,rat0307__rat0816,B_vs_B,B_vs_B,19,0.04242424242424241
560,rat0313,rat0314,rat0313__rat0314,A_vs_A,A_vs_A,0,0.7454545454545454
561,rat0313,rat0314,rat0313__rat0314,A_vs_A,A_vs_A,1,0.34545454545454546
562,rat0313,rat0314,rat0313__rat0314,A_vs_A,A_vs_A,2,0.7818181818181817
563,rat0313,rat0314,rat0313__rat0314,A_vs_A,A_vs_A,3,0.35757575757575755
564,rat0313,rat0314,rat0313__rat0314,A_vs_A,A_vs_A,4,0.5030303030303029
565,rat0313,rat0314,rat0313__rat0314,A_vs_A,A_vs_A,5,0.28484848484848485
566,rat0313,rat0314,rat0313__rat0314,A_vs_A,A_vs_A,6,0.7575757575757575
567,rat0313,rat0314,rat0313__rat0314,A_vs_A,A_vs_A,7,0.4545454545454545
568,rat0313,rat0314,rat0313__rat0314,A_vs_A,A_vs_A,8,0.5151515151515151
569,rat0313,rat0314,rat0313__rat0314,A_vs_A,A_vs_A,9,0.4787878787878787
570,rat0313,rat0314,rat0313__rat0314,A_vs_A,A_vs_A,10,0.8181818181818182
571,rat0313,rat0314,rat0313__rat0314,A_vs_A,A_vs_A,11,0.5636363636363636
572,rat0313,rat0314,rat0313__rat0314,A_vs_A,A_vs_A,12,0.5636363636363636
573,rat0313,rat0314,rat0313__rat0314,A_vs_A,A_vs_A,13,0.3939393939393939
574,rat0313,rat0314,rat0313__rat0314,A_vs_A,A_vs_A,14,0.9030303030303028
575,rat0313,rat0314,rat0313__rat0314,A_vs_A,A_vs_A,15,0.7939393939393938
576,rat0313,rat0314,rat0313__rat0314,A_vs_A,A_vs_A,16,0.5272727272727272
577,rat0313,rat0314,rat0313__rat0314,A_vs_A,A_vs_A,17,0.6363636363636362
578,rat0313,rat0314,rat0313__rat0314,A_vs_A,A_vs_A,18,0.41818181818181815
579,rat0313,rat0314,rat0313__rat0314,A_vs_A,A_vs_A,19,0.7696969696969697
580,rat0313,rat0314,rat0313__rat0314,A_vs_B,A_vs_B,0,0.4545454545454545
581,rat0313,rat0314,rat0313__rat0314,A_vs_B,A_vs_B,1,0.6121212121212121
582,rat0313,rat0314,rat0313__rat0314,A_vs_B,A_vs_B,2,0.33333333333333326
583,rat0313,rat0314,rat0313__rat0314,A_vs_B,A_vs_B,3,0.2121212121212121
584,rat0313,rat0314,rat0313__rat0314,A_vs_B,A_vs_B,4,0.17575757575757575
585,rat0313,rat0314,rat0313__rat0314,A_vs_B,A_vs_B,5,0.38181818181818183
586,rat0313,rat0314,rat0313__rat0314,A_vs_B,A_vs_B,6,0.32121212121212117
587,rat0313,rat0314,rat0313__rat0314,A_vs_B,A_vs_B,7,0.5393939393939393
588,rat0313,rat0314,rat0313__rat0314,A_vs_B,A_vs_B,8,0.7454545454545454
589,rat0313,rat0314,rat0313__rat0314,A_vs_B,A_vs_B,9,0.41818181818181815
590,rat0313,rat0314,rat0313__rat0314,A_vs_B,A_vs_B,10,0.309090909090909
591,rat0313,rat0314,rat0313__rat0314,A_vs_B,A_vs_B,11,0.6848484848484848
592,rat0313,rat0314,rat0313__rat0314,A_vs_B,A_vs_B,12,0.41818181818181815
593,rat0313,rat0314,rat0313__rat0314,A_vs_B,A_vs_B,13,0.24848484848484845
594,rat0313,rat0314,rat0313__rat0314,A_vs_B,A_vs_B,14,0.7212121212121211
595,rat0313,rat0314,rat0313__rat0314,A_vs_B,A_vs_B,15,0.6242424242424242
596,rat0313,rat0314,rat0313__rat0314,A_vs_B,A_vs_B,16,0.5636363636363636
597,rat0313,rat0314,rat0313__rat0314,A_vs_B,A_vs_B,17,0.5151515151515151
598,rat0313,rat0314,rat0313__rat0314,A_vs_B,A_vs_B,18,0.7212121212121211
599,rat0313,rat0314,rat0313__rat0314,A_vs_B,A_vs_B,19,0.7939393939393938
600,rat0313,rat0314,rat0313__rat0314,B_vs_A,A_vs_B,0,0.5515151515151515
601,rat0313,rat0314,rat0313__rat0314,B_vs_A,A_vs_B,1,0.6242424242424242
602,rat0313,rat0314,rat0313__rat0314,B_vs_A,A_vs_B,2,0.9272727272727272
603,rat0313,rat0314,rat0313__rat0314,B_vs_A,A_vs_B,3,0.6606060606060605
604,rat0313,rat0314,rat0313__rat0314,B_vs_A,A_vs_B,4,0.5151515151515151
605,rat0313,rat0314,rat0313__rat0314,B_vs_A,A_vs_B,5,0.7333333333333332
606,rat0313,rat0314,rat0313__rat0314,B_vs_A,A_vs_B,6,0.9151515151515152
607,rat0313,rat0314,rat0313__rat0314,B_vs_A,A_vs_B,7,0.35757575757575755
608,rat0313,rat0314,rat0313__rat0314,B_vs_A,A_vs_B,8,0.5393939393939393
609,rat0313,rat0314,rat0313__rat0314,B_vs_A,A_vs_B,9,0.41818181818181815
610,rat0313,rat0314,rat0313__rat0314,B_vs_A,A_vs_B,10,0.8787878787878788
611,rat0313,rat0314,rat0313__rat0314,B_vs_A,A_vs_B,11,0.5757575757575757
612,rat0313,rat0314,rat0313__rat0314,B_vs_A,A_vs_B,12,0.8787878787878788
613,rat0313,rat0314,rat0313__rat0314,B_vs_A,A_vs_B,13,0.5030303030303029
614,rat0313,rat0314,rat0313__rat0314,B_vs_A,A_vs_B,14,0.8787878787878788
615,rat0313,rat0314,rat0313__rat0314,B_vs_A,A_vs_B,15,0.3696969696969697
616,rat0313,rat0314,rat0313__rat0314,B_vs_A,A_vs_B,16,0.41818181818181815
617,rat0313,rat0314,rat0313__rat0314,B_vs_A,A_vs_B,17,0.8545454545454544
618,rat0313,rat0314,rat0313__rat0314,B_vs_A,A_vs_B,18,0.5515151515151515
619,rat0313,rat0314,rat0313__rat0314,B_vs_A,A_vs_B,19,0.2121212121212121
620,rat0313,rat0314,rat0313__rat0314,B_vs_B,B_vs_B,0,0.2606060606060606
621,rat0313,rat0314,rat0313__rat0314,B_vs_B,B_vs_B,1,0.709090909090909
622,rat0313,rat0314,rat0313__rat0314,B_vs_B,B_vs_B,2,0.7696969696969697
623,rat0313,rat0314,rat0313__rat0314,B_vs_B,B_vs_B,3,0.5393939393939393
624,rat0313,rat0314,rat0313__rat0314,B_vs_B,B_vs_B,4,0.0303030303030303
625,rat0313,rat0314,rat0313__rat0314,B_vs_B,B_vs_B,5,0.41818181818181815
626,rat0313,rat0314,rat0313__rat0314,B_vs_B,B_vs_B,6,0.6
627,rat0313,rat0314,rat0313__rat0314,B_vs_B,B_vs_B,7,0.7212121212121211
628,rat0313,rat0314,rat0313__rat0314,B_vs_B,B_vs_B,8,0.8545454545454544
629,rat0313,rat0314,rat0313__rat0314,B_vs_B,B_vs_B,9,0.5393939393939393
630,rat0313,rat0314,rat0313__rat0314,B_vs_B,B_vs_B,10,0.5878787878787878
631,rat0313,rat0314,rat0313__rat0314,B_vs_B,B_vs_B,11,0.5636363636363636
632,rat0313,rat0314,rat0313__rat0314,B_vs_B,B_vs_B,12,0.7333333333333332
633,rat0313,rat0314,rat0313__rat0314,B_vs_B,B_vs_B,13,0.06666666666666665
634,rat0313,rat0314,rat0313__rat0314,B_vs_B,B_vs_B,14,0.8060606060606059
635,rat0313,rat0314,rat0313__rat0314,B_vs_B,B_vs_B,15,0.6727272727272726
636,rat0313,rat0314,rat0313__rat0314,B_vs_B,B_vs_B,16,0.4545454545454545
637,rat0313,rat0314,rat0313__rat0314,B_vs_B,B_vs_B,17,0.8666666666666665
638,rat0313,rat0314,rat0313__rat0314,B_vs_B,B_vs_B,18,0.5878787878787878
639,rat0313,rat0314,rat0313__rat0314,B_vs_B,B_vs_B,19,0.4666666666666666
640,rat0313,rat0816,rat0313__rat0816,A_vs_A,A_vs_A,0,0.9757575757575757
641,rat0313,rat0816,rat0313__rat0816,A_vs_A,A_vs_A,1,0.7212121212121211
642,rat0313,rat0816,rat0313__rat0816,A_vs_A,A_vs_A,2,0.9515151515151514
643,rat0313,rat0816,rat0313__rat0816,A_vs_A,A_vs_A,3,0.9515151515151514
644,rat0313,rat0816,rat0313__rat0816,A_vs_A,A_vs_A,4,0.6727272727272726
645,rat0313,rat0816,rat0313__rat0816,A_vs_A,A_vs_A,5,0.9030303030303028
646,rat0313,rat0816,rat0313__rat0816,A_vs_A,A_vs_A,6,0.7575757575757575
647,rat0313,rat0816,rat0313__rat0816,A_vs_A,A_vs_A,7,0.7818181818181817
648,rat0313,rat0816,rat0313__rat0816,A_vs_A,A_vs_A,8,0.8303030303030302
649,rat0313,rat0816,rat0313__rat0816,A_vs_A,A_vs_A,9,0.5393939393939393
650,rat0313,rat0816,rat0313__rat0816,A_vs_A,A_vs_A,10,0.8303030303030302
651,rat0313,rat0816,rat0313__rat0816,A_vs_A,A_vs_A,11,0.6606060606060605
652,rat0313,rat0816,rat0313__rat0816,A_vs_A,A_vs_A,12,0.23636363636363633
653,rat0313,rat0816,rat0313__rat0816,A_vs_A,A_vs_A,13,0.5151515151515151
654,rat0313,rat0816,rat0313__rat0816,A_vs_A,A_vs_A,14,0.8666666666666665
655,rat0313,rat0816,rat0313__rat0816,A_vs_A,A_vs_A,15,0.6121212121212121
656,rat0313,rat0816,rat0313__rat0816,A_vs_A,A_vs_A,16,0.9151515151515152
657,rat0313,rat0816,rat0313__rat0816,A_vs_A,A_vs_A,17,0.6
658,rat0313,rat0816,rat0313__rat0816,A_vs_A,A_vs_A,18,0.4666666666666666
659,rat0313,rat0816,rat0313__rat0816,A_vs_A,A_vs_A,19,0.8060606060606059
660,rat0313,rat0816,rat0313__rat0816,A_vs_B,A_vs_B,0,0.8060606060606059
661,rat0313,rat0816,rat0313__rat0816,A_vs_B,A_vs_B,1,0.7212121212121211
662,rat0313,rat0816,rat0313__rat0816,A_vs_B,A_vs_B,2,0.8545454545454544
663,rat0313,rat0816,rat0313__rat0816,A_vs_B,A_vs_B,3,0.5030303030303029
664,rat0313,rat0816,rat0313__rat0816,A_vs_B,A_vs_B,4,0.6242424242424242
665,rat0313,rat0816,rat0313__rat0816,A_vs_B,A_vs_B,5,0.5878787878787878
666,rat0313,rat0816,rat0313__rat0816,A_vs_B,A_vs_B,6,0.41818181818181815
667,rat0313,rat0816,rat0313__rat0816,A_vs_B,A_vs_B,7,0.4545454545454545
668,rat0313,rat0816,rat0313__rat0816,A_vs_B,A_vs_B,8,0.8787878787878788
669,rat0313,rat0816,rat0313__rat0816,A_vs_B,A_vs_B,9,0.7575757575757575
670,rat0313,rat0816,rat0313__rat0816,A_vs_B,A_vs_B,10,0.33333333333333326
671,rat0313,rat0816,rat0313__rat0816,A_vs_B,A_vs_B,11,0.43030303030303024
672,rat0313,rat0816,rat0313__rat0816,A_vs_B,A_vs_B,12,0.7333333333333332
673,rat0313,rat0816,rat0313__rat0816,A_vs_B,A_vs_B,13,0.8303030303030302
674,rat0313,rat0816,rat0313__rat0816,A_vs_B,A_vs_B,14,0.7212121212121211
675,rat0313,rat0816,rat0313__rat0816,A_vs_B,A_vs_B,15,0.9272727272727272
676,rat0313,rat0816,rat0313__rat0816,A_vs_B,A_vs_B,16,0.7454545454545454
677,rat0313,rat0816,rat0313__rat0816,A_vs_B,A_vs_B,17,0.0303030303030303
678,rat0313,rat0816,rat0313__rat0816,A_vs_B,A_vs_B,18,0.5636363636363636
679,rat0313,rat0816,rat0313__rat0816,A_vs_B,A_vs_B,19,0.5636363636363636
680,rat0313,rat0816,rat0313__rat0816,B_vs_A,A_vs_B,0,0.406060606060606
681,rat0313,rat0816,rat0313__rat0816,B_vs_A,A_vs_B,1,0.8787878787878788
682,rat0313,rat0816,rat0313__rat0816,B_vs_A,A_vs_B,2,0.8303030303030302
683,rat0313,rat0816,rat0313__rat0816,B_vs_A,A_vs_B,3,0.4545454545454545
684,rat0313,rat0816,rat0313__rat0816,B_vs_A,A_vs_B,4,0.5393939393939393
685,rat0313,rat0816,rat0313__rat0816,B_vs_A,A_vs_B,5,0.5515151515151515
686,rat0313,rat0816,rat0313__rat0816,B_vs_A,A_vs_B,6,0.9393939393939393
687,rat0313,rat0816,rat0313__rat0816,B_vs_A,A_vs_B,7,0.8545454545454544
688,rat0313,rat0816,rat0313__rat0816,B_vs_A,A_vs_B,8,0.5878787878787878
689,rat0313,rat0816,rat0313__rat0816,B_vs_A,A_vs_B,9,0.9757575757575757
690,rat0313,rat0816,rat0313__rat0816,B_vs_A,A_vs_B,10,0.9393939393939393
691,rat0313,rat0816,rat0313__rat0816,B_vs_A,A_vs_B,11,0.6484848484848483
692,rat0313,rat0816,rat0313__rat0816,B_vs_A,A_vs_B,12,0.6121212121212121
693,rat0313,rat0816,rat0313__rat0816,B_vs_A,A_vs_B,13,0.9030303030303028
694,rat0313,rat0816,rat0313__rat0816,B_vs_A,A_vs_B,14,0.5515151515151515
695,rat0313,rat0816,rat0313__rat0816,B_vs_A,A_vs_B,15,0.9151515151515152
696,rat0313,rat0816,rat0313__rat0816,B_vs_A,A_vs_B,16,0.9757575757575757
697,rat0313,rat0816,rat0313__rat0816,B_vs_A,A_vs_B,17,0.7939393939393938
698,rat0313,rat0816,rat0313__rat0816,B_vs_A,A_vs_B,18,0.5272727272727272
699,rat0313,rat0816,rat0313__rat0816,B_vs_A,A_vs_B,19,0.6121212121212121
700,rat0313,rat0816,rat0313__rat0816,B_vs_B,B_vs_B,0,0.22424242424242422
701,rat0313,rat0816,rat0313__rat0816,B_vs_B,B_vs_B,1,0.8060606060606059
702,rat0313,rat0816,rat0313__rat0816,B_vs_B,B_vs_B,2,0.8424242424242423
703,rat0313,rat0816,rat0313__rat0816,B_vs_B,B_vs_B,3,0.8666666666666665
704,rat0313,rat0816,rat0313__rat0816,B_vs_B,B_vs_B,4,0.709090909090909
705,rat0313,rat0816,rat0313__rat0816,B_vs_B,B_vs_B,5,0.9030303030303028
706,rat0313,rat0816,rat0313__rat0816,B_vs_B,B_vs_B,6,0.6484848484848483
707,rat0313,rat0816,rat0313__rat0816,B_vs_B,B_vs_B,7,0.49090909090909085
708,rat0313,rat0816,rat0313__rat0816,B_vs_B,B_vs_B,8,0.5878787878787878
709,rat0313,rat0816,rat0313__rat0816,B_vs_B,B_vs_B,9,0.9393939393939393
710,rat0313,rat0816,rat0313__rat0816,B_vs_B,B_vs_B,10,0.4545454545454545
711,rat0313,rat0816,rat0313__rat0816,B_vs_B,B_vs_B,11,0.7454545454545454
712,rat0313,rat0816,rat0313__rat0816,B_vs_B,B_vs_B,12,0.4545454545454545
713,rat0313,rat0816,rat0313__rat0816,B_vs_B,B_vs_B,13,0.8666666666666665
714,rat0313,rat0816,rat0313__rat0816,B_vs_B,B_vs_B,14,0.4424242424242424
715,rat0313,rat0816,rat0313__rat0816,B_vs_B,B_vs_B,15,0.7575757575757575
716,rat0313,rat0816,rat0313__rat0816,B_vs_B,B_vs_B,16,0.6969696969696969
717,rat0313,rat0816,rat0313__rat0816,B_vs_B,B_vs_B,17,0.29696969696969694
718,rat0313,rat0816,rat0313__rat0816,B_vs_B,B_vs_B,18,0.6363636363636362
719,rat0313,rat0816,rat0313__rat0816,B_vs_B,B_vs_B,19,0.8181818181818182
720,rat0314,rat0816,rat0314__rat0816,A_vs_A,A_vs_A,0,0.8181818181818182
721,rat0314,rat0816,rat0314__rat0816,A_vs_A,A_vs_A,1,0.7333333333333332
722,rat0314,rat0816,rat0314__rat0816,A_vs_A,A_vs_A,2,0.8787878787878788
723,rat0314,rat0816,rat0314__rat0816,A_vs_A,A_vs_A,3,0.38181818181818183
724,rat0314,rat0816,rat0314__rat0816,A_vs_A,A_vs_A,4,0.6848484848484848
725,rat0314,rat0816,rat0314__rat0816,A_vs_A,A_vs_A,5,0.2606060606060606
726,rat0314,rat0816,rat0314__rat0816,A_vs_A,A_vs_A,6,0.9515151515151514
727,rat0314,rat0816,rat0314__rat0816,A_vs_A,A_vs_A,7,0.49090909090909085
728,rat0314,rat0816,rat0314__rat0816,A_vs_A,A_vs_A,8,0.7575757575757575
729,rat0314,rat0816,rat0314__rat0816,A_vs_A,A_vs_A,9,0.4424242424242424
730,rat0314,rat0816,rat0314__rat0816,A_vs_A,A_vs_A,10,0.8060606060606059
731,rat0314,rat0816,rat0314__rat0816,A_vs_A,A_vs_A,11,0.3696969696969697
732,rat0314,rat0816,rat0314__rat0816,A_vs_A,A_vs_A,12,0.709090909090909
733,rat0314,rat0816,rat0314__rat0816,A_vs_A,A_vs_A,13,0.709090909090909
734,rat0314,rat0816,rat0314__rat0816,A_vs_A,A_vs_A,14,0.7939393939393938
735,rat0314,rat0816,rat0314__rat0816,A_vs_A,A_vs_A,15,0.43030303030303024
736,rat0314,rat0816,rat0314__rat0816,A_vs_A,A_vs_A,16,0.4424242424242424
737,rat0314,rat0816,rat0314__rat0816,A_vs_A,A_vs_A,17,0.9515151515151514
738,rat0314,rat0816,rat0314__rat0816,A_vs_A,A_vs_A,18,0.5151515151515151
739,rat0314,rat0816,rat0314__rat0816,A_vs_A,A_vs_A,19,0.8303030303030302
740,rat0314,rat0816,rat0314__rat0816,A_vs_B,A_vs_B,0,0.7696969696969697
741,rat0314,rat0816,rat0314__rat0816,A_vs_B,A_vs_B,1,0.5515151515151515
742,rat0314,rat0816,rat0314__rat0816,A_vs_B,A_vs_B,2,0.9030303030303028
743,rat0314,rat0816,rat0314__rat0816,A_vs_B,A_vs_B,3,0.6969696969696969
744,rat0314,rat0816,rat0314__rat0816,A_vs_B,A_vs_B,4,0.9272727272727272
745,rat0314,rat0816,rat0314__rat0816,A_vs_B,A_vs_B,5,0.6242424242424242
746,rat0314,rat0816,rat0314__rat0816,A_vs_B,A_vs_B,6,0.4787878787878787
747,rat0314,rat0816,rat0314__rat0816,A_vs_B,A_vs_B,7,0.5515151515151515
748,rat0314,rat0816,rat0314__rat0816,A_vs_B,A_vs_B,8,0.6
749,rat0314,rat0816,rat0314__rat0816,A_vs_B,A_vs_B,9,0.5393939393939393
750,rat0314,rat0816,rat0314__rat0816,A_vs_B,A_vs_B,10,0.5151515151515151
751,rat0314,rat0816,rat0314__rat0816,A_vs_B,A_vs_B,11,0.5030303030303029
752,rat0314,rat0816,rat0314__rat0816,A_vs_B,A_vs_B,12,0.2121212121212121
753,rat0314,rat0816,rat0314__rat0816,A_vs_B,A_vs_B,13,0.3696969696969697
754,rat0314,rat0816,rat0314__rat0816,A_vs_B,A_vs_B,14,0.6969696969696969
755,rat0314,rat0816,rat0314__rat0816,A_vs_B,A_vs_B,15,0.7333333333333332
756,rat0314,rat0816,rat0314__rat0816,A_vs_B,A_vs_B,16,0.7696969696969697
757,rat0314,rat0816,rat0314__rat0816,A_vs_B,A_vs_B,17,0.6242424242424242
758,rat0314,rat0816,rat0314__rat0816,A_vs_B,A_vs_B,18,0.6606060606060605
759,rat0314,rat0816,rat0314__rat0816,A_vs_B,A_vs_B,19,0.4666666666666666
760,rat0314,rat0816,rat0314__rat0816,B_vs_A,A_vs_B,0,0.49090909090909085
761,rat0314,rat0816,rat0314__rat0816,B_vs_A,A_vs_B,1,0.6606060606060605
762,rat0314,rat0816,rat0314__rat0816,B_vs_A,A_vs_B,2,0.3696969696969697
763,rat0314,rat0816,rat0314__rat0816,B_vs_A,A_vs_B,3,0.17575757575757575
764,rat0314,rat0816,rat0314__rat0816,B_vs_A,A_vs_B,4,0.3939393939393939
765,rat0314,rat0816,rat0314__rat0816,B_vs_A,A_vs_B,5,0.4545454545454545
766,rat0314,rat0816,rat0314__rat0816,B_vs_A,A_vs_B,6,0.709090909090909
767,rat0314,rat0816,rat0314__rat0816,B_vs_A,A_vs_B,7,0.7333333333333332
768,rat0314,rat0816,rat0314__rat0816,B_vs_A,A_vs_B,8,0.8060606060606059
769,rat0314,rat0816,rat0314__rat0816,B_vs_A,A_vs_B,9,0.5272727272727272
770,rat0314,rat0816,rat0314__rat0816,B_vs_A,A_vs_B,10,0.41818181818181815
771,rat0314,rat0816,rat0314__rat0816,B_vs_A,A_vs_B,11,0.6242424242424242
772,rat0314,rat0816,rat0314__rat0816,B_vs_A,A_vs_B,12,0.6727272727272726
773,rat0314,rat0816,rat0314__rat0816,B_vs_A,A_vs_B,13,0.04242424242424241
774,rat0314,rat0816,rat0314__rat0816,B_vs_A,A_vs_B,14,0.709090909090909
775,rat0314,rat0816,rat0314__rat0816,B_vs_A,A_vs_B,15,0.8666666666666665
776,rat0314,rat0816,rat0314__rat0816,B_vs_A,A_vs_B,16,0.5030303030303029
777,rat0314,rat0816,rat0314__rat0816,B_vs_A,A_vs_B,17,0.5757575757575757
778,rat0314,rat0816,rat0314__rat0816,B_vs_A,A_vs_B,18,0.12727272727272726
779,rat0314,rat0816,rat0314__rat0816,B_vs_A,A_vs_B,19,0.7696969696969697
780,rat0314,rat0816,rat0314__rat0816,B_vs_B,B_vs_B,0,0.6484848484848483
781,rat0314,rat0816,rat0314__rat0816,B_vs_B,B_vs_B,1,0.7454545454545454
782,rat0314,rat0816,rat0314__rat0816,B_vs_B,B_vs_B,2,0.5272727272727272
783,rat0314,rat0816,rat0314__rat0816,B_vs_B,B_vs_B,3,0.5636363636363636
784,rat0314,rat0816,rat0314__rat0816,B_vs_B,B_vs_B,4,0.4787878787878787
785,rat0314,rat0816,rat0314__rat0816,B_vs_B,B_vs_B,5,0.33333333333333326
786,rat0314,rat0816,rat0314__rat0816,B_vs_B,B_vs_B,6,0.7696969696969697
787,rat0314,rat0816,rat0314__rat0816,B_vs_B,B_vs_B,7,0.2727272727272727
788,rat0314,rat0816,rat0314__rat0816,B_vs_B,B_vs_B,8,0.6606060606060605
789,rat0314,rat0816,rat0314__rat0816,B_vs_B,B_vs_B,9,0.6
790,rat0314,rat0816,rat0314__rat0816,B_vs_B,B_vs_B,10,0.6848484848484848
791,rat0314,rat0816,rat0314__rat0816,B_vs_B,B_vs_B,11,0.309090909090909
792,rat0314,rat0816,rat0314__rat0816,B_vs_B,B_vs_B,12,0.13939393939393938
793,rat0314,rat0816,rat0314__rat0816,B_vs_B,B_vs_B,13,0.06666666666666665
794,rat0314,rat0816,rat0314__rat0816,B_vs_B,B_vs_B,14,0.7939393939393938
795,rat0314,rat0816,rat0314__rat0816,B_vs_B,B_vs_B,15,0.7454545454545454
796,rat0314,rat0816,rat0314__rat0816,B_vs_B,B_vs_B,16,0.6242424242424242
797,rat0314,rat0816,rat0314__rat0816,B_vs_B,B_vs_B,17,0.2606060606060606
798,rat0314,rat0816,rat0314__rat0816,B_vs_B,B_vs_B,18,0.2121212121212121
799,rat0314,rat0816,rat0314__rat0816,B_vs_B,B_vs_B,19,0.6242424242424242
