comparison_family,score_type,score,rat_pair,null_sample
A_vs_A,actual_rat_pair_mean,0.6163636363636363,rat0222__rat0307,
A_vs_A,actual_rat_pair_mean,0.5363636363636364,rat0222__rat0313,
A_vs_A,actual_rat_pair_mean,0.44060606060606056,rat0222__rat0314,
A_vs_A,actual_rat_pair_mean,0.586060606060606,rat0222__rat0816,
A_vs_A,actual_rat_pair_mean,0.6739393939393938,rat0307__rat0313,
A_vs_A,actual_rat_pair_mean,0.6048484848484847,rat0307__rat0314,
A_vs_A,actual_rat_pair_mean,0.7454545454545454,rat0307__rat0816,
A_vs_A,actual_rat_pair_mean,0.5806060606060606,rat0313__rat0314,
A_vs_A,actual_rat_pair_mean,0.7296969696969696,rat0313__rat0816,
A_vs_A,actual_rat_pair_mean,0.6478787878787878,rat0314__rat0816,
A_vs_B,actual_rat_pair_mean,0.4087878787878788,rat0222__rat0307,
A_vs_B,actual_rat_pair_mean,0.5615151515151514,rat0222__rat0313,
A_vs_B,actual_rat_pair_mean,0.45787878787878783,rat0222__rat0314,
A_vs_B,actual_rat_pair_mean,0.5987878787878788,rat0222__rat0816,
A_vs_B,actual_rat_pair_mean,0.4924242424242424,rat0307__rat0313,
A_vs_B,actual_rat_pair_mean,0.369090909090909,rat0307__rat0314,
A_vs_B,actual_rat_pair_mean,0.47757575757575754,rat0307__rat0816,
A_vs_B,actual_rat_pair_mean,0.553939393939394,rat0313__rat0314,
A_vs_B,actual_rat_pair_mean,0.6745454545454546,rat0313__rat0816,
A_vs_B,actual_rat_pair_mean,0.5706060606060606,rat0314__rat0816,
B_vs_B,actual_rat_pair_mean,0.3139393939393939,rat0222__rat0307,
B_vs_B,actual_rat_pair_mean,0.5703030303030302,rat0222__rat0313,
B_vs_B,actual_rat_pair_mean,0.37151515151515146,rat0222__rat0314,
B_vs_B,actual_rat_pair_mean,0.6218181818181817,rat0222__rat0816,
B_vs_B,actual_rat_pair_mean,0.42181818181818176,rat0307__rat0313,
B_vs_B,actual_rat_pair_mean,0.24,rat0307__rat0314,
B_vs_B,actual_rat_pair_mean,0.33939393939393936,rat0307__rat0816,
B_vs_B,actual_rat_pair_mean,0.5624242424242423,rat0313__rat0314,
B_vs_B,actual_rat_pair_mean,0.6593939393939393,rat0313__rat0816,
B_vs_B,actual_rat_pair_mean,0.5030303030303029,rat0314__rat0816,
A_vs_A,shuffle_null_mean,-0.007818181818181816,,0.0
A_vs_A,shuffle_null_mean,-0.01842424242424242,,1.0
A_vs_A,shuffle_null_mean,0.00848484848484848,,2.0
A_vs_A,shuffle_null_mean,-0.009393939393939395,,3.0
A_vs_A,shuffle_null_mean,-0.028969696969696968,,4.0
A_vs_A,shuffle_null_mean,0.014666666666666666,,5.0
A_vs_A,shuffle_null_mean,0.014606060606060605,,6.0
A_vs_A,shuffle_null_mean,-0.02715151515151515,,7.0
A_vs_A,shuffle_null_mean,0.00696969696969697,,8.0
A_vs_A,shuffle_null_mean,0.006363636363636366,,9.0
A_vs_A,shuffle_null_mean,0.040606060606060604,,10.0
A_vs_A,shuffle_null_mean,-0.03381818181818182,,11.0
A_vs_A,shuffle_null_mean,0.025272727272727273,,12.0
A_vs_A,shuffle_null_mean,0.004969696969696971,,13.0
A_vs_A,shuffle_null_mean,-0.028303030303030295,,14.0
A_vs_A,shuffle_null_mean,0.02418181818181818,,15.0
A_vs_A,shuffle_null_mean,-0.00036363636363635906,,16.0
A_vs_A,shuffle_null_mean,-0.03163636363636364,,17.0
A_vs_A,shuffle_null_mean,-0.035151515151515156,,18.0
A_vs_A,shuffle_null_mean,-0.002666666666666674,,19.0
A_vs_A,shuffle_null_mean,-0.007030303030303027,,20.0
A_vs_A,shuffle_null_mean,0.015030303030303024,,21.0
A_vs_A,shuffle_null_mean,0.00696969696969697,,22.0
A_vs_A,shuffle_null_mean,-0.04036363636363636,,23.0
A_vs_A,shuffle_null_mean,-0.004727272727272735,,24.0
A_vs_A,shuffle_null_mean,0.008484848484848486,,25.0
A_vs_A,shuffle_null_mean,0.005393939393939397,,26.0
A_vs_A,shuffle_null_mean,0.01709090909090908,,27.0
A_vs_A,shuffle_null_mean,0.02236363636363636,,28.0
A_vs_A,shuffle_null_mean,0.03872727272727272,,29.0
A_vs_A,shuffle_null_mean,-0.021818181818181823,,30.0
A_vs_A,shuffle_null_mean,-0.0206060606060606,,31.0
A_vs_A,shuffle_null_mean,-0.017333333333333333,,32.0
A_vs_A,shuffle_null_mean,-0.005151515151515153,,33.0
A_vs_A,shuffle_null_mean,0.030545454545454542,,34.0
A_vs_A,shuffle_null_mean,-0.03757575757575757,,35.0
A_vs_A,shuffle_null_mean,0.009575757575757574,,36.0
A_vs_A,shuffle_null_mean,-0.007454545454545452,,37.0
A_vs_A,shuffle_null_mean,-0.01490909090909091,,38.0
A_vs_A,shuffle_null_mean,0.010909090909090906,,39.0
A_vs_A,shuffle_null_mean,-0.004424242424242425,,40.0
A_vs_A,shuffle_null_mean,-0.020060606060606057,,41.0
A_vs_A,shuffle_null_mean,0.009393939393939395,,42.0
A_vs_A,shuffle_null_mean,-0.030787878787878788,,43.0
A_vs_A,shuffle_null_mean,-0.0059999999999999975,,44.0
A_vs_A,shuffle_null_mean,-0.021818181818181816,,45.0
A_vs_A,shuffle_null_mean,-0.0058787878787878835,,46.0
A_vs_A,shuffle_null_mean,0.00909090909090909,,47.0
A_vs_A,shuffle_null_mean,-0.011515151515151513,,48.0
A_vs_A,shuffle_null_mean,-0.0010909090909090914,,49.0
A_vs_A,shuffle_null_mean,-0.02042424242424242,,50.0
A_vs_A,shuffle_null_mean,-0.015454545454545452,,51.0
A_vs_A,shuffle_null_mean,-0.0008484848484848522,,52.0
A_vs_A,shuffle_null_mean,-0.026545454545454546,,53.0
A_vs_A,shuffle_null_mean,0.01345454545454545,,54.0
A_vs_A,shuffle_null_mean,-0.01993939393939393,,55.0
A_vs_A,shuffle_null_mean,0.01521212121212121,,56.0
A_vs_A,shuffle_null_mean,-0.045454545454545456,,57.0
A_vs_A,shuffle_null_mean,0.019757575757575755,,58.0
A_vs_A,shuffle_null_mean,-0.0011515151515151458,,59.0
A_vs_A,shuffle_null_mean,-0.018909090909090907,,60.0
A_vs_A,shuffle_null_mean,-0.057999999999999996,,61.0
A_vs_A,shuffle_null_mean,0.00903030303030303,,62.0
A_vs_A,shuffle_null_mean,-0.03806060606060605,,63.0
A_vs_A,shuffle_null_mean,0.04884848484848484,,64.0
A_vs_A,shuffle_null_mean,0.045212121212121203,,65.0
A_vs_A,shuffle_null_mean,-0.008181818181818184,,66.0
A_vs_A,shuffle_null_mean,-0.022727272727272724,,67.0
A_vs_A,shuffle_null_mean,0.008969696969696975,,68.0
A_vs_A,shuffle_null_mean,-0.013696969696969694,,69.0
A_vs_A,shuffle_null_mean,0.0009696969696969648,,70.0
A_vs_A,shuffle_null_mean,0.005090909090909093,,71.0
A_vs_A,shuffle_null_mean,-0.028303030303030295,,72.0
A_vs_A,shuffle_null_mean,-0.002242424242424243,,73.0
A_vs_A,shuffle_null_mean,0.0041818181818181815,,74.0
A_vs_A,shuffle_null_mean,0.0007878787878787874,,75.0
A_vs_A,shuffle_null_mean,-0.03709090909090909,,76.0
A_vs_A,shuffle_null_mean,-0.015696969696969702,,77.0
A_vs_A,shuffle_null_mean,0.04333333333333332,,78.0
A_vs_A,shuffle_null_mean,-0.019515151515151513,,79.0
A_vs_A,shuffle_null_mean,-0.0058787878787878774,,80.0
A_vs_A,shuffle_null_mean,0.007090909090909088,,81.0
A_vs_A,shuffle_null_mean,0.010727272727272728,,82.0
A_vs_A,shuffle_null_mean,0.0038787878787878835,,83.0
A_vs_A,shuffle_null_mean,-0.025030303030303035,,84.0
A_vs_A,shuffle_null_mean,0.012060606060606063,,85.0
A_vs_A,shuffle_null_mean,-0.02127272727272727,,86.0
A_vs_A,shuffle_null_mean,-0.005272727272727272,,87.0
A_vs_A,shuffle_null_mean,-0.012363636363636365,,88.0
A_vs_A,shuffle_null_mean,-0.05387878787878787,,89.0
A_vs_A,shuffle_null_mean,-0.026787878787878795,,90.0
A_vs_A,shuffle_null_mean,0.010606060606060608,,91.0
A_vs_A,shuffle_null_mean,-0.03478787878787878,,92.0
A_vs_A,shuffle_null_mean,-0.0535151515151515,,93.0
A_vs_A,shuffle_null_mean,0.006787878787878782,,94.0
A_vs_A,shuffle_null_mean,-0.03,,95.0
A_vs_A,shuffle_null_mean,-0.00618181818181818,,96.0
A_vs_A,shuffle_null_mean,-0.027454545454545454,,97.0
A_vs_A,shuffle_null_mean,-0.02066666666666666,,98.0
A_vs_A,shuffle_null_mean,-0.004242424242424255,,99.0
A_vs_A,shuffle_null_mean,-0.055999999999999994,,100.0
A_vs_A,shuffle_null_mean,-0.03430303030303031,,101.0
A_vs_A,shuffle_null_mean,-0.01375757575757576,,102.0
A_vs_A,shuffle_null_mean,0.018969696969696963,,103.0
A_vs_A,shuffle_null_mean,0.013696969696969688,,104.0
A_vs_A,shuffle_null_mean,-0.027696969696969692,,105.0
A_vs_A,shuffle_null_mean,-0.00612121212121213,,106.0
A_vs_A,shuffle_null_mean,0.00618181818181818,,107.0
A_vs_A,shuffle_null_mean,0.005212121212121215,,108.0
A_vs_A,shuffle_null_mean,0.01666666666666667,,109.0
A_vs_A,shuffle_null_mean,-0.02175757575757576,,110.0
A_vs_A,shuffle_null_mean,-0.016727272727272733,,111.0
A_vs_A,shuffle_null_mean,-0.04066666666666667,,112.0
A_vs_A,shuffle_null_mean,-0.02351515151515151,,113.0
A_vs_A,shuffle_null_mean,-0.01987878787878788,,114.0
A_vs_A,shuffle_null_mean,0.011090909090909089,,115.0
A_vs_A,shuffle_null_mean,0.009333333333333336,,116.0
A_vs_A,shuffle_null_mean,-0.03787878787878788,,117.0
A_vs_A,shuffle_null_mean,0.009575757575757581,,118.0
A_vs_A,shuffle_null_mean,-0.013090909090909092,,119.0
A_vs_A,shuffle_null_mean,-0.017151515151515147,,120.0
A_vs_A,shuffle_null_mean,-0.03733333333333333,,121.0
A_vs_A,shuffle_null_mean,0.02036363636363637,,122.0
A_vs_A,shuffle_null_mean,-0.037454545454545456,,123.0
A_vs_A,shuffle_null_mean,-0.0061818181818181755,,124.0
A_vs_A,shuffle_null_mean,-0.013393939393939397,,125.0
A_vs_A,shuffle_null_mean,0.0010303030303030272,,126.0
A_vs_A,shuffle_null_mean,-0.03927272727272727,,127.0
A_vs_A,shuffle_null_mean,0.019333333333333334,,128.0
A_vs_A,shuffle_null_mean,0.02527272727272727,,129.0
A_vs_A,shuffle_null_mean,0.010424242424242423,,130.0
A_vs_A,shuffle_null_mean,0.003272727272727272,,131.0
A_vs_A,shuffle_null_mean,-0.026787878787878784,,132.0
A_vs_A,shuffle_null_mean,0.019939393939393934,,133.0
A_vs_A,shuffle_null_mean,-0.023333333333333338,,134.0
A_vs_A,shuffle_null_mean,0.014727272727272731,,135.0
A_vs_A,shuffle_null_mean,0.007575757575757572,,136.0
A_vs_A,shuffle_null_mean,-0.0023636363636363638,,137.0
A_vs_A,shuffle_null_mean,0.0019999999999999983,,138.0
A_vs_A,shuffle_null_mean,0.009757575757575757,,139.0
A_vs_A,shuffle_null_mean,0.02163636363636363,,140.0
A_vs_A,shuffle_null_mean,0.004424242424242421,,141.0
A_vs_A,shuffle_null_mean,-0.009696969696969699,,142.0
A_vs_A,shuffle_null_mean,-0.014606060606060603,,143.0
A_vs_A,shuffle_null_mean,-0.005090909090909087,,144.0
A_vs_A,shuffle_null_mean,0.007757575757575757,,145.0
A_vs_A,shuffle_null_mean,-0.021030303030303038,,146.0
A_vs_A,shuffle_null_mean,0.007151515151515147,,147.0
A_vs_A,shuffle_null_mean,-0.02654545454545455,,148.0
A_vs_A,shuffle_null_mean,-0.06406060606060605,,149.0
A_vs_A,shuffle_null_mean,-0.01272727272727272,,150.0
A_vs_A,shuffle_null_mean,0.008363636363636365,,151.0
A_vs_A,shuffle_null_mean,-0.004181818181818184,,152.0
A_vs_A,shuffle_null_mean,-0.031757575757575755,,153.0
A_vs_A,shuffle_null_mean,0.01654545454545454,,154.0
A_vs_A,shuffle_null_mean,0.017333333333333333,,155.0
A_vs_A,shuffle_null_mean,-0.0050909090909090834,,156.0
A_vs_A,shuffle_null_mean,-0.03684848484848484,,157.0
A_vs_A,shuffle_null_mean,0.022787878787878784,,158.0
A_vs_A,shuffle_null_mean,-0.02412121212121212,,159.0
A_vs_A,shuffle_null_mean,0.001757575757575754,,160.0
A_vs_A,shuffle_null_mean,0.0038181818181818165,,161.0
A_vs_A,shuffle_null_mean,0.006909090909090904,,162.0
A_vs_A,shuffle_null_mean,-0.008727272727272726,,163.0
A_vs_A,shuffle_null_mean,-0.025151515151515154,,164.0
A_vs_A,shuffle_null_mean,-0.03599999999999999,,165.0
A_vs_A,shuffle_null_mean,-0.017454545454545452,,166.0
A_vs_A,shuffle_null_mean,0.02509090909090909,,167.0
A_vs_A,shuffle_null_mean,0.01133333333333333,,168.0
A_vs_A,shuffle_null_mean,-0.020727272727272726,,169.0
A_vs_A,shuffle_null_mean,-0.015393939393939387,,170.0
A_vs_A,shuffle_null_mean,-0.002909090909090918,,171.0
A_vs_A,shuffle_null_mean,0.0029090909090909037,,172.0
A_vs_A,shuffle_null_mean,-0.018060606060606065,,173.0
A_vs_A,shuffle_null_mean,0.015636363636363636,,174.0
A_vs_A,shuffle_null_mean,0.06896969696969697,,175.0
A_vs_A,shuffle_null_mean,0.019272727272727268,,176.0
A_vs_A,shuffle_null_mean,0.04757575757575756,,177.0
A_vs_A,shuffle_null_mean,0.03745454545454545,,178.0
A_vs_A,shuffle_null_mean,-0.05587878787878788,,179.0
A_vs_A,shuffle_null_mean,0.016727272727272726,,180.0
A_vs_A,shuffle_null_mean,0.0044848484848484865,,181.0
A_vs_A,shuffle_null_mean,-0.01418181818181818,,182.0
A_vs_A,shuffle_null_mean,0.033454545454545445,,183.0
A_vs_A,shuffle_null_mean,-0.03503030303030303,,184.0
A_vs_A,shuffle_null_mean,-0.05181818181818182,,185.0
A_vs_A,shuffle_null_mean,0.0032121212121212087,,186.0
A_vs_A,shuffle_null_mean,0.021212121212121206,,187.0
A_vs_A,shuffle_null_mean,0.028606060606060597,,188.0
A_vs_A,shuffle_null_mean,0.008787878787878785,,189.0
A_vs_A,shuffle_null_mean,-0.0090909090909091,,190.0
A_vs_A,shuffle_null_mean,0.0016363636363636302,,191.0
A_vs_A,shuffle_null_mean,0.028484848484848484,,192.0
A_vs_A,shuffle_null_mean,-0.050545454545454546,,193.0
A_vs_A,shuffle_null_mean,-0.003515151515151513,,194.0
A_vs_A,shuffle_null_mean,-0.0058787878787878705,,195.0
A_vs_A,shuffle_null_mean,-0.011030303030303033,,196.0
A_vs_A,shuffle_null_mean,-0.02224242424242424,,197.0
A_vs_A,shuffle_null_mean,-0.011272727272727271,,198.0
A_vs_A,shuffle_null_mean,-0.017393939393939385,,199.0
A_vs_A,shuffle_null_mean,-0.013696969696969697,,200.0
A_vs_A,shuffle_null_mean,-0.00042424242424242837,,201.0
A_vs_A,shuffle_null_mean,-0.03103030303030303,,202.0
A_vs_A,shuffle_null_mean,-0.05648484848484849,,203.0
A_vs_A,shuffle_null_mean,-0.049393939393939386,,204.0
A_vs_A,shuffle_null_mean,0.022545454545454546,,205.0
A_vs_A,shuffle_null_mean,-0.029454545454545445,,206.0
A_vs_A,shuffle_null_mean,0.006242424242424244,,207.0
A_vs_A,shuffle_null_mean,-0.006787878787878789,,208.0
A_vs_A,shuffle_null_mean,-0.04109090909090908,,209.0
A_vs_A,shuffle_null_mean,0.03006060606060606,,210.0
A_vs_A,shuffle_null_mean,-0.027999999999999987,,211.0
A_vs_A,shuffle_null_mean,-0.017090909090909094,,212.0
A_vs_A,shuffle_null_mean,-0.06690909090909089,,213.0
A_vs_A,shuffle_null_mean,-0.019090909090909092,,214.0
A_vs_A,shuffle_null_mean,-0.00884848484848485,,215.0
A_vs_A,shuffle_null_mean,0.008606060606060603,,216.0
A_vs_A,shuffle_null_mean,0.019272727272727268,,217.0
A_vs_A,shuffle_null_mean,0.003090909090909088,,218.0
A_vs_A,shuffle_null_mean,-0.02412121212121212,,219.0
A_vs_A,shuffle_null_mean,-0.00012121212121211366,,220.0
A_vs_A,shuffle_null_mean,0.004848484848484847,,221.0
A_vs_A,shuffle_null_mean,0.0038181818181818187,,222.0
A_vs_A,shuffle_null_mean,0.04006060606060605,,223.0
A_vs_A,shuffle_null_mean,-0.017090909090909094,,224.0
A_vs_A,shuffle_null_mean,-0.007757575757575757,,225.0
A_vs_A,shuffle_null_mean,0.03927272727272727,,226.0
A_vs_A,shuffle_null_mean,-0.003818181818181818,,227.0
A_vs_A,shuffle_null_mean,0.020363636363636355,,228.0
A_vs_A,shuffle_null_mean,0.005454545454545453,,229.0
A_vs_A,shuffle_null_mean,0.008969696969696975,,230.0
A_vs_A,shuffle_null_mean,-0.015333333333333334,,231.0
A_vs_A,shuffle_null_mean,0.0023636363636363607,,232.0
A_vs_A,shuffle_null_mean,-0.03096969696969697,,233.0
A_vs_A,shuffle_null_mean,0.0223030303030303,,234.0
A_vs_A,shuffle_null_mean,0.010969696969696964,,235.0
A_vs_A,shuffle_null_mean,0.014424242424242431,,236.0
A_vs_A,shuffle_null_mean,-0.0023030303030302977,,237.0
A_vs_A,shuffle_null_mean,-0.02024242424242424,,238.0
A_vs_A,shuffle_null_mean,0.08775757575757574,,239.0
A_vs_A,shuffle_null_mean,-0.030242424242424237,,240.0
A_vs_A,shuffle_null_mean,-0.017696969696969697,,241.0
A_vs_A,shuffle_null_mean,0.025575757575757578,,242.0
A_vs_A,shuffle_null_mean,-0.01618181818181818,,243.0
A_vs_A,shuffle_null_mean,-0.014000000000000002,,244.0
A_vs_A,shuffle_null_mean,-0.023272727272727268,,245.0
A_vs_A,shuffle_null_mean,0.019272727272727275,,246.0
A_vs_A,shuffle_null_mean,0.009090909090909087,,247.0
A_vs_A,shuffle_null_mean,-0.041151515151515154,,248.0
A_vs_A,shuffle_null_mean,-0.009454545454545448,,249.0
A_vs_A,shuffle_null_mean,-0.052424242424242415,,250.0
A_vs_A,shuffle_null_mean,0.01781818181818181,,251.0
A_vs_A,shuffle_null_mean,-0.022121212121212118,,252.0
A_vs_A,shuffle_null_mean,-0.024363636363636365,,253.0
A_vs_A,shuffle_null_mean,0.011939393939393935,,254.0
A_vs_A,shuffle_null_mean,-0.048424242424242425,,255.0
A_vs_A,shuffle_null_mean,-0.028727272727272712,,256.0
A_vs_A,shuffle_null_mean,-0.015212121212121205,,257.0
A_vs_A,shuffle_null_mean,0.033454545454545445,,258.0
A_vs_A,shuffle_null_mean,-0.005999999999999998,,259.0
A_vs_A,shuffle_null_mean,-0.036727272727272726,,260.0
A_vs_A,shuffle_null_mean,-0.03969696969696969,,261.0
A_vs_A,shuffle_null_mean,-0.012424242424242424,,262.0
A_vs_A,shuffle_null_mean,-0.003030303030303029,,263.0
A_vs_A,shuffle_null_mean,0.04169696969696969,,264.0
A_vs_A,shuffle_null_mean,-0.0019393939393939359,,265.0
A_vs_A,shuffle_null_mean,0.022969696969696966,,266.0
A_vs_A,shuffle_null_mean,-0.009757575757575748,,267.0
A_vs_A,shuffle_null_mean,0.018242424242424234,,268.0
A_vs_A,shuffle_null_mean,-0.023454545454545454,,269.0
A_vs_A,shuffle_null_mean,0.007090909090909094,,270.0
A_vs_A,shuffle_null_mean,0.012242424242424246,,271.0
A_vs_A,shuffle_null_mean,-0.03575757575757575,,272.0
A_vs_A,shuffle_null_mean,-0.026545454545454532,,273.0
A_vs_A,shuffle_null_mean,0.007999999999999997,,274.0
A_vs_A,shuffle_null_mean,0.013818181818181818,,275.0
A_vs_A,shuffle_null_mean,-0.041999999999999996,,276.0
A_vs_A,shuffle_null_mean,0.0346060606060606,,277.0
A_vs_A,shuffle_null_mean,0.001454545454545457,,278.0
A_vs_A,shuffle_null_mean,-0.010727272727272728,,279.0
A_vs_A,shuffle_null_mean,-0.011515151515151516,,280.0
A_vs_A,shuffle_null_mean,-0.012303030303030298,,281.0
A_vs_A,shuffle_null_mean,-0.002484848484848488,,282.0
A_vs_A,shuffle_null_mean,0.00872727272727272,,283.0
A_vs_A,shuffle_null_mean,0.03793939393939393,,284.0
A_vs_A,shuffle_null_mean,-0.011939393939393937,,285.0
A_vs_A,shuffle_null_mean,-0.02696969696969697,,286.0
A_vs_A,shuffle_null_mean,-0.012060606060606058,,287.0
A_vs_A,shuffle_null_mean,-0.022969696969696966,,288.0
A_vs_A,shuffle_null_mean,0.0037575757575757616,,289.0
A_vs_A,shuffle_null_mean,0.015272727272727271,,290.0
A_vs_A,shuffle_null_mean,0.0393939393939394,,291.0
A_vs_A,shuffle_null_mean,-0.0054545454545454515,,292.0
A_vs_A,shuffle_null_mean,0.00012121212121211809,,293.0
A_vs_A,shuffle_null_mean,0.004121212121212128,,294.0
A_vs_A,shuffle_null_mean,-0.03442424242424243,,295.0
A_vs_A,shuffle_null_mean,-0.0018787878787878826,,296.0
A_vs_A,shuffle_null_mean,-0.022545454545454553,,297.0
A_vs_A,shuffle_null_mean,-0.011090909090909089,,298.0
A_vs_A,shuffle_null_mean,-0.002727272727272726,,299.0
A_vs_A,shuffle_null_mean,0.00030303030303029387,,300.0
A_vs_A,shuffle_null_mean,-0.03206060606060605,,301.0
A_vs_A,shuffle_null_mean,0.02709090909090909,,302.0
A_vs_A,shuffle_null_mean,0.06430303030303029,,303.0
A_vs_A,shuffle_null_mean,0.03363636363636363,,304.0
A_vs_A,shuffle_null_mean,0.01133333333333333,,305.0
A_vs_A,shuffle_null_mean,0.01690909090909091,,306.0
A_vs_A,shuffle_null_mean,-0.004363636363636359,,307.0
A_vs_A,shuffle_null_mean,-0.0005454545454545428,,308.0
A_vs_A,shuffle_null_mean,-0.022060606060606065,,309.0
A_vs_A,shuffle_null_mean,-0.007515151515151511,,310.0
A_vs_A,shuffle_null_mean,-0.0014545454545454508,,311.0
A_vs_A,shuffle_null_mean,-0.0074545454545454585,,312.0
A_vs_A,shuffle_null_mean,-0.016666666666666673,,313.0
A_vs_A,shuffle_null_mean,-0.00836363636363636,,314.0
A_vs_A,shuffle_null_mean,-0.018242424242424247,,315.0
A_vs_A,shuffle_null_mean,-0.003515151515151522,,316.0
A_vs_A,shuffle_null_mean,0.022,,317.0
A_vs_A,shuffle_null_mean,-0.014787878787878786,,318.0
A_vs_A,shuffle_null_mean,-0.046666666666666655,,319.0
A_vs_A,shuffle_null_mean,0.018606060606060598,,320.0
A_vs_A,shuffle_null_mean,-0.04648484848484848,,321.0
A_vs_A,shuffle_null_mean,-0.0074545454545454585,,322.0
A_vs_A,shuffle_null_mean,0.01703030303030303,,323.0
A_vs_A,shuffle_null_mean,-0.001636363636363635,,324.0
A_vs_A,shuffle_null_mean,0.0019393939393939393,,325.0
A_vs_A,shuffle_null_mean,-0.026606060606060612,,326.0
A_vs_A,shuffle_null_mean,0.016303030303030295,,327.0
A_vs_A,shuffle_null_mean,0.007393939393939397,,328.0
A_vs_A,shuffle_null_mean,0.014303030303030298,,329.0
A_vs_A,shuffle_null_mean,-0.025393939393939392,,330.0
A_vs_A,shuffle_null_mean,0.019272727272727268,,331.0
A_vs_A,shuffle_null_mean,-0.004848484848484854,,332.0
A_vs_A,shuffle_null_mean,-0.006121212121212119,,333.0
A_vs_A,shuffle_null_mean,-0.022666666666666665,,334.0
A_vs_A,shuffle_null_mean,0.038545454545454536,,335.0
A_vs_A,shuffle_null_mean,-0.012121212121212133,,336.0
A_vs_A,shuffle_null_mean,0.012000000000000002,,337.0
A_vs_A,shuffle_null_mean,0.005515151515151513,,338.0
A_vs_A,shuffle_null_mean,0.0020606060606060566,,339.0
A_vs_A,shuffle_null_mean,-0.024969696969696954,,340.0
A_vs_A,shuffle_null_mean,-0.004545454545454547,,341.0
A_vs_A,shuffle_null_mean,-0.01593939393939394,,342.0
A_vs_A,shuffle_null_mean,-0.0013939393939393975,,343.0
A_vs_A,shuffle_null_mean,-0.01296969696969697,,344.0
A_vs_A,shuffle_null_mean,-0.052848484848484846,,345.0
A_vs_A,shuffle_null_mean,-0.018848484848484847,,346.0
A_vs_A,shuffle_null_mean,-0.023999999999999994,,347.0
A_vs_A,shuffle_null_mean,-0.060363636363636355,,348.0
A_vs_A,shuffle_null_mean,0.016060606060606053,,349.0
A_vs_A,shuffle_null_mean,0.02587878787878788,,350.0
A_vs_A,shuffle_null_mean,-0.027393939393939394,,351.0
A_vs_A,shuffle_null_mean,-0.001575757575757577,,352.0
A_vs_A,shuffle_null_mean,-0.001393939393939398,,353.0
A_vs_A,shuffle_null_mean,-0.01618181818181818,,354.0
A_vs_A,shuffle_null_mean,-0.017454545454545452,,355.0
A_vs_A,shuffle_null_mean,0.040606060606060604,,356.0
A_vs_A,shuffle_null_mean,0.006303030303030302,,357.0
A_vs_A,shuffle_null_mean,-0.07496969696969696,,358.0
A_vs_A,shuffle_null_mean,-0.026424242424242416,,359.0
A_vs_A,shuffle_null_mean,0.012303030303030297,,360.0
A_vs_A,shuffle_null_mean,-0.04921212121212121,,361.0
A_vs_A,shuffle_null_mean,-0.008969696969696971,,362.0
A_vs_A,shuffle_null_mean,0.013272727272727273,,363.0
A_vs_A,shuffle_null_mean,-0.054727272727272715,,364.0
A_vs_A,shuffle_null_mean,-0.005515151515151513,,365.0
A_vs_A,shuffle_null_mean,-0.04175757575757575,,366.0
A_vs_A,shuffle_null_mean,0.048909090909090916,,367.0
A_vs_A,shuffle_null_mean,-0.010242424242424244,,368.0
A_vs_A,shuffle_null_mean,0.006060606060606059,,369.0
A_vs_A,shuffle_null_mean,-0.012545454545454544,,370.0
A_vs_A,shuffle_null_mean,0.016848484848484845,,371.0
A_vs_A,shuffle_null_mean,-0.0014545454545454566,,372.0
A_vs_A,shuffle_null_mean,0.017515151515151508,,373.0
A_vs_A,shuffle_null_mean,-0.004909090909090904,,374.0
A_vs_A,shuffle_null_mean,-0.003212121212121212,,375.0
A_vs_A,shuffle_null_mean,-0.012969696969696968,,376.0
A_vs_A,shuffle_null_mean,0.016303030303030302,,377.0
A_vs_A,shuffle_null_mean,0.017333333333333322,,378.0
A_vs_A,shuffle_null_mean,-0.04781818181818182,,379.0
A_vs_A,shuffle_null_mean,-0.0709090909090909,,380.0
A_vs_A,shuffle_null_mean,-0.01842424242424242,,381.0
A_vs_A,shuffle_null_mean,0.02054545454545454,,382.0
A_vs_A,shuffle_null_mean,0.032424242424242425,,383.0
A_vs_A,shuffle_null_mean,-0.0006060606060605999,,384.0
A_vs_A,shuffle_null_mean,-0.023696969696969692,,385.0
A_vs_A,shuffle_null_mean,-0.029696969696969694,,386.0
A_vs_A,shuffle_null_mean,0.007030303030303027,,387.0
A_vs_A,shuffle_null_mean,-0.001030303030303032,,388.0
A_vs_A,shuffle_null_mean,0.02733333333333333,,389.0
A_vs_A,shuffle_null_mean,0.028303030303030295,,390.0
A_vs_A,shuffle_null_mean,-0.00545454545454546,,391.0
A_vs_A,shuffle_null_mean,-0.031090909090909086,,392.0
A_vs_A,shuffle_null_mean,-0.01466666666666667,,393.0
A_vs_A,shuffle_null_mean,-0.024969696969696965,,394.0
A_vs_A,shuffle_null_mean,-0.05472727272727272,,395.0
A_vs_A,shuffle_null_mean,-0.01490909090909091,,396.0
A_vs_A,shuffle_null_mean,-0.04236363636363636,,397.0
A_vs_A,shuffle_null_mean,-0.02018181818181818,,398.0
A_vs_A,shuffle_null_mean,0.013030303030303027,,399.0
A_vs_A,shuffle_null_mean,0.011696969696969694,,400.0
A_vs_A,shuffle_null_mean,-0.04084848484848484,,401.0
A_vs_A,shuffle_null_mean,-0.015212121212121213,,402.0
A_vs_A,shuffle_null_mean,-0.01872727272727273,,403.0
A_vs_A,shuffle_null_mean,-0.011151515151515157,,404.0
A_vs_A,shuffle_null_mean,0.020606060606060597,,405.0
A_vs_A,shuffle_null_mean,-0.008363636363636361,,406.0
A_vs_A,shuffle_null_mean,0.003878787878787875,,407.0
A_vs_A,shuffle_null_mean,0.0723030303030303,,408.0
A_vs_A,shuffle_null_mean,-0.0010303030303030355,,409.0
A_vs_A,shuffle_null_mean,0.037333333333333316,,410.0
A_vs_A,shuffle_null_mean,0.014181818181818184,,411.0
A_vs_A,shuffle_null_mean,0.00696969696969697,,412.0
A_vs_A,shuffle_null_mean,-0.02236363636363636,,413.0
A_vs_A,shuffle_null_mean,-0.011393939393939392,,414.0
A_vs_A,shuffle_null_mean,-0.014666666666666666,,415.0
A_vs_A,shuffle_null_mean,0.010060606060606062,,416.0
A_vs_A,shuffle_null_mean,0.061212121212121204,,417.0
A_vs_A,shuffle_null_mean,0.02593939393939394,,418.0
A_vs_A,shuffle_null_mean,-0.010363636363636356,,419.0
A_vs_A,shuffle_null_mean,-0.0026060606060606117,,420.0
A_vs_A,shuffle_null_mean,-0.011636363636363639,,421.0
A_vs_A,shuffle_null_mean,0.008303030303030303,,422.0
A_vs_A,shuffle_null_mean,-0.012969696969696973,,423.0
A_vs_A,shuffle_null_mean,0.009030303030303027,,424.0
A_vs_A,shuffle_null_mean,-0.0383030303030303,,425.0
A_vs_A,shuffle_null_mean,-0.006787878787878796,,426.0
A_vs_A,shuffle_null_mean,0.021272727272727276,,427.0
A_vs_A,shuffle_null_mean,-0.028909090909090905,,428.0
A_vs_A,shuffle_null_mean,-0.0013939393939393966,,429.0
A_vs_A,shuffle_null_mean,-0.06775757575757574,,430.0
A_vs_A,shuffle_null_mean,-0.05818181818181817,,431.0
A_vs_A,shuffle_null_mean,0.007393939393939397,,432.0
A_vs_A,shuffle_null_mean,0.022787878787878784,,433.0
A_vs_A,shuffle_null_mean,-0.02115151515151515,,434.0
A_vs_A,shuffle_null_mean,-0.035757575757575745,,435.0
A_vs_A,shuffle_null_mean,0.013575757575757574,,436.0
A_vs_A,shuffle_null_mean,0.016484848484848474,,437.0
A_vs_A,shuffle_null_mean,-0.0347878787878788,,438.0
A_vs_A,shuffle_null_mean,0.02212121212121212,,439.0
A_vs_A,shuffle_null_mean,0.006303030303030302,,440.0
A_vs_A,shuffle_null_mean,-0.038242424242424244,,441.0
A_vs_A,shuffle_null_mean,0.004121212121212119,,442.0
A_vs_A,shuffle_null_mean,0.004545454545454541,,443.0
A_vs_A,shuffle_null_mean,-0.012000000000000004,,444.0
A_vs_A,shuffle_null_mean,-0.038484848484848476,,445.0
A_vs_A,shuffle_null_mean,-0.010787878787878796,,446.0
A_vs_A,shuffle_null_mean,0.006727272727272729,,447.0
A_vs_A,shuffle_null_mean,-0.01424242424242424,,448.0
A_vs_A,shuffle_null_mean,0.015393939393939396,,449.0
A_vs_A,shuffle_null_mean,0.023818181818181815,,450.0
A_vs_A,shuffle_null_mean,0.041636363636363624,,451.0
A_vs_A,shuffle_null_mean,0.012606060606060607,,452.0
A_vs_A,shuffle_null_mean,-0.02593939393939394,,453.0
A_vs_A,shuffle_null_mean,-0.02606060606060605,,454.0
A_vs_A,shuffle_null_mean,-0.002545454545454543,,455.0
A_vs_A,shuffle_null_mean,0.012303030303030302,,456.0
A_vs_A,shuffle_null_mean,-0.004666666666666668,,457.0
A_vs_A,shuffle_null_mean,0.015272727272727276,,458.0
A_vs_A,shuffle_null_mean,-0.03206060606060605,,459.0
A_vs_A,shuffle_null_mean,-0.0031515151515151526,,460.0
A_vs_A,shuffle_null_mean,-0.00018181818181818785,,461.0
A_vs_A,shuffle_null_mean,-0.0026666666666666644,,462.0
A_vs_A,shuffle_null_mean,-0.0005454545454545469,,463.0
A_vs_A,shuffle_null_mean,-0.05624242424242424,,464.0
A_vs_A,shuffle_null_mean,-0.015878787878787874,,465.0
A_vs_A,shuffle_null_mean,-0.00872727272727273,,466.0
A_vs_A,shuffle_null_mean,-0.018545454545454542,,467.0
A_vs_A,shuffle_null_mean,0.002181818181818176,,468.0
A_vs_A,shuffle_null_mean,-0.07084848484848486,,469.0
A_vs_A,shuffle_null_mean,-0.015151515151515148,,470.0
A_vs_A,shuffle_null_mean,-0.01593939393939394,,471.0
A_vs_A,shuffle_null_mean,0.0027878787878787862,,472.0
A_vs_A,shuffle_null_mean,-0.013272727272727266,,473.0
A_vs_A,shuffle_null_mean,-0.04181818181818181,,474.0
A_vs_A,shuffle_null_mean,0.022242424242424234,,475.0
A_vs_A,shuffle_null_mean,-0.009939393939393939,,476.0
A_vs_A,shuffle_null_mean,-0.045212121212121203,,477.0
A_vs_A,shuffle_null_mean,-0.030121212121212115,,478.0
A_vs_A,shuffle_null_mean,-0.01272727272727273,,479.0
A_vs_A,shuffle_null_mean,0.002484848484848481,,480.0
A_vs_A,shuffle_null_mean,-0.02363636363636364,,481.0
A_vs_A,shuffle_null_mean,-0.02139393939393939,,482.0
A_vs_A,shuffle_null_mean,0.01739393939393939,,483.0
A_vs_A,shuffle_null_mean,0.005454545454545451,,484.0
A_vs_A,shuffle_null_mean,0.028060606060606064,,485.0
A_vs_A,shuffle_null_mean,0.02915151515151515,,486.0
A_vs_A,shuffle_null_mean,0.025999999999999995,,487.0
A_vs_A,shuffle_null_mean,-0.008363636363636361,,488.0
A_vs_A,shuffle_null_mean,0.005454545454545453,,489.0
A_vs_A,shuffle_null_mean,0.01418181818181819,,490.0
A_vs_A,shuffle_null_mean,0.020969696969696965,,491.0
A_vs_A,shuffle_null_mean,-0.01618181818181818,,492.0
A_vs_A,shuffle_null_mean,0.006121212121212123,,493.0
A_vs_A,shuffle_null_mean,-0.04230303030303029,,494.0
A_vs_A,shuffle_null_mean,-0.028303030303030302,,495.0
A_vs_A,shuffle_null_mean,-0.015333333333333332,,496.0
A_vs_A,shuffle_null_mean,0.0432121212121212,,497.0
A_vs_A,shuffle_null_mean,0.01145454545454545,,498.0
A_vs_A,shuffle_null_mean,0.030909090909090907,,499.0
A_vs_B,shuffle_null_mean,-0.019696969696969695,,0.0
A_vs_B,shuffle_null_mean,-0.02412121212121212,,1.0
A_vs_B,shuffle_null_mean,0.022090909090909085,,2.0
A_vs_B,shuffle_null_mean,-0.004545454545454542,,3.0
A_vs_B,shuffle_null_mean,-0.004727272727272728,,4.0
A_vs_B,shuffle_null_mean,0.008515151515151512,,5.0
A_vs_B,shuffle_null_mean,-0.013151515151515147,,6.0
A_vs_B,shuffle_null_mean,-0.031151515151515145,,7.0
A_vs_B,shuffle_null_mean,0.011818181818181811,,8.0
A_vs_B,shuffle_null_mean,0.0033030303030303,,9.0
A_vs_B,shuffle_null_mean,0.01872727272727273,,10.0
A_vs_B,shuffle_null_mean,-0.014515151515151519,,11.0
A_vs_B,shuffle_null_mean,0.009757575757575753,,12.0
A_vs_B,shuffle_null_mean,-0.024818181818181816,,13.0
A_vs_B,shuffle_null_mean,-0.01627272727272727,,14.0
A_vs_B,shuffle_null_mean,-0.014333333333333337,,15.0
A_vs_B,shuffle_null_mean,-0.015151515151515147,,16.0
A_vs_B,shuffle_null_mean,0.0020000000000000026,,17.0
A_vs_B,shuffle_null_mean,-0.006151515151515149,,18.0
A_vs_B,shuffle_null_mean,-0.03512121212121212,,19.0
A_vs_B,shuffle_null_mean,0.007939393939393937,,20.0
A_vs_B,shuffle_null_mean,0.0019696969696969663,,21.0
A_vs_B,shuffle_null_mean,-0.013212121212121208,,22.0
A_vs_B,shuffle_null_mean,-0.016090909090909086,,23.0
A_vs_B,shuffle_null_mean,0.005636363636363638,,24.0
A_vs_B,shuffle_null_mean,-0.020090909090909086,,25.0
A_vs_B,shuffle_null_mean,0.00966666666666666,,26.0
A_vs_B,shuffle_null_mean,0.03096969696969697,,27.0
A_vs_B,shuffle_null_mean,0.03621212121212121,,28.0
A_vs_B,shuffle_null_mean,0.005545454545454545,,29.0
A_vs_B,shuffle_null_mean,0.002212121212121209,,30.0
A_vs_B,shuffle_null_mean,-0.006727272727272728,,31.0
A_vs_B,shuffle_null_mean,-0.00906060606060606,,32.0
A_vs_B,shuffle_null_mean,-0.021848484848484846,,33.0
A_vs_B,shuffle_null_mean,-0.022030303030303032,,34.0
A_vs_B,shuffle_null_mean,-0.008151515151515146,,35.0
A_vs_B,shuffle_null_mean,-0.0037878787878787854,,36.0
A_vs_B,shuffle_null_mean,-0.00015151515151515352,,37.0
A_vs_B,shuffle_null_mean,-0.008696969696969696,,38.0
A_vs_B,shuffle_null_mean,-0.028030303030303027,,39.0
A_vs_B,shuffle_null_mean,-0.005333333333333334,,40.0
A_vs_B,shuffle_null_mean,0.03515151515151515,,41.0
A_vs_B,shuffle_null_mean,0.01915151515151515,,42.0
A_vs_B,shuffle_null_mean,-0.007878787878787883,,43.0
A_vs_B,shuffle_null_mean,0.0011212121212121236,,44.0
A_vs_B,shuffle_null_mean,-0.008818181818181817,,45.0
A_vs_B,shuffle_null_mean,0.012303030303030305,,46.0
A_vs_B,shuffle_null_mean,-0.008303030303030302,,47.0
A_vs_B,shuffle_null_mean,-0.011212121212121208,,48.0
A_vs_B,shuffle_null_mean,-0.03351515151515152,,49.0
A_vs_B,shuffle_null_mean,0.02015151515151515,,50.0
A_vs_B,shuffle_null_mean,-0.010090909090909091,,51.0
A_vs_B,shuffle_null_mean,0.0039090909090909055,,52.0
A_vs_B,shuffle_null_mean,-0.024575757575757574,,53.0
A_vs_B,shuffle_null_mean,-0.018787878787878787,,54.0
A_vs_B,shuffle_null_mean,0.027060606060606052,,55.0
A_vs_B,shuffle_null_mean,-0.01790909090909091,,56.0
A_vs_B,shuffle_null_mean,0.0003333333333333313,,57.0
A_vs_B,shuffle_null_mean,0.012787878787878793,,58.0
A_vs_B,shuffle_null_mean,0.008,,59.0
A_vs_B,shuffle_null_mean,0.004181818181818178,,60.0
A_vs_B,shuffle_null_mean,0.0012424242424242421,,61.0
A_vs_B,shuffle_null_mean,-0.0006969696969696979,,62.0
A_vs_B,shuffle_null_mean,-0.00024242424242423982,,63.0
A_vs_B,shuffle_null_mean,-0.03727272727272727,,64.0
A_vs_B,shuffle_null_mean,-0.018909090909090907,,65.0
A_vs_B,shuffle_null_mean,-0.04572727272727273,,66.0
A_vs_B,shuffle_null_mean,0.0024848484848484847,,67.0
A_vs_B,shuffle_null_mean,0.0031818181818181815,,68.0
A_vs_B,shuffle_null_mean,-0.02551515151515151,,69.0
A_vs_B,shuffle_null_mean,-0.005424242424242419,,70.0
A_vs_B,shuffle_null_mean,-0.012636363636363635,,71.0
A_vs_B,shuffle_null_mean,0.005545454545454541,,72.0
A_vs_B,shuffle_null_mean,-0.010424242424242424,,73.0
A_vs_B,shuffle_null_mean,0.009545454545454551,,74.0
A_vs_B,shuffle_null_mean,-0.01490909090909091,,75.0
A_vs_B,shuffle_null_mean,-0.004212121212121213,,76.0
A_vs_B,shuffle_null_mean,-0.025636363636363634,,77.0
A_vs_B,shuffle_null_mean,0.03172727272727273,,78.0
A_vs_B,shuffle_null_mean,-0.023121212121212112,,79.0
A_vs_B,shuffle_null_mean,-0.015484848484848482,,80.0
A_vs_B,shuffle_null_mean,-0.002515151515151515,,81.0
A_vs_B,shuffle_null_mean,-0.008363636363636361,,82.0
A_vs_B,shuffle_null_mean,0.02263636363636363,,83.0
A_vs_B,shuffle_null_mean,0.008909090909090905,,84.0
A_vs_B,shuffle_null_mean,-0.023,,85.0
A_vs_B,shuffle_null_mean,-0.010242424242424244,,86.0
A_vs_B,shuffle_null_mean,0.01,,87.0
A_vs_B,shuffle_null_mean,-0.006939393939393942,,88.0
A_vs_B,shuffle_null_mean,-0.01642424242424242,,89.0
A_vs_B,shuffle_null_mean,0.011484848484848483,,90.0
A_vs_B,shuffle_null_mean,0.01818181818181818,,91.0
A_vs_B,shuffle_null_mean,0.021121212121212114,,92.0
A_vs_B,shuffle_null_mean,-0.012878787878787875,,93.0
A_vs_B,shuffle_null_mean,-0.016454545454545454,,94.0
A_vs_B,shuffle_null_mean,-0.0002424242424242426,,95.0
A_vs_B,shuffle_null_mean,0.00815151515151515,,96.0
A_vs_B,shuffle_null_mean,-0.032090909090909094,,97.0
A_vs_B,shuffle_null_mean,-0.010939393939393941,,98.0
A_vs_B,shuffle_null_mean,-0.0004545454545454554,,99.0
A_vs_B,shuffle_null_mean,-0.012151515151515153,,100.0
A_vs_B,shuffle_null_mean,0.015787878787878785,,101.0
A_vs_B,shuffle_null_mean,-0.04036363636363636,,102.0
A_vs_B,shuffle_null_mean,-0.03481818181818182,,103.0
A_vs_B,shuffle_null_mean,-0.00272727272727273,,104.0
A_vs_B,shuffle_null_mean,-0.008484848484848482,,105.0
A_vs_B,shuffle_null_mean,-0.003303030303030302,,106.0
A_vs_B,shuffle_null_mean,-0.024424242424242425,,107.0
A_vs_B,shuffle_null_mean,-0.01845454545454545,,108.0
A_vs_B,shuffle_null_mean,-0.022727272727272728,,109.0
A_vs_B,shuffle_null_mean,-0.0074545454545454585,,110.0
A_vs_B,shuffle_null_mean,0.015939393939393937,,111.0
A_vs_B,shuffle_null_mean,0.009848484848484851,,112.0
A_vs_B,shuffle_null_mean,-0.01951515151515151,,113.0
A_vs_B,shuffle_null_mean,0.022757575757575754,,114.0
A_vs_B,shuffle_null_mean,-0.015666666666666672,,115.0
A_vs_B,shuffle_null_mean,-0.01693939393939394,,116.0
A_vs_B,shuffle_null_mean,-0.01012121212121212,,117.0
A_vs_B,shuffle_null_mean,0.005060606060606059,,118.0
A_vs_B,shuffle_null_mean,0.017818181818181816,,119.0
A_vs_B,shuffle_null_mean,0.024181818181818172,,120.0
A_vs_B,shuffle_null_mean,-0.012757575757575756,,121.0
A_vs_B,shuffle_null_mean,-0.024999999999999994,,122.0
A_vs_B,shuffle_null_mean,0.017181818181818184,,123.0
A_vs_B,shuffle_null_mean,0.014636363636363631,,124.0
A_vs_B,shuffle_null_mean,0.005757575757575753,,125.0
A_vs_B,shuffle_null_mean,-0.012606060606060603,,126.0
A_vs_B,shuffle_null_mean,-0.023545454545454543,,127.0
A_vs_B,shuffle_null_mean,-0.005090909090909088,,128.0
A_vs_B,shuffle_null_mean,-0.013575757575757574,,129.0
A_vs_B,shuffle_null_mean,-0.012909090909090903,,130.0
A_vs_B,shuffle_null_mean,-0.00521212121212121,,131.0
A_vs_B,shuffle_null_mean,-0.018515151515151516,,132.0
A_vs_B,shuffle_null_mean,-0.025212121212121213,,133.0
A_vs_B,shuffle_null_mean,-0.002878787878787877,,134.0
A_vs_B,shuffle_null_mean,-0.03945454545454545,,135.0
A_vs_B,shuffle_null_mean,-0.04266666666666666,,136.0
A_vs_B,shuffle_null_mean,-0.016393939393939395,,137.0
A_vs_B,shuffle_null_mean,-0.025909090909090902,,138.0
A_vs_B,shuffle_null_mean,0.00981818181818182,,139.0
A_vs_B,shuffle_null_mean,0.0015454545454545437,,140.0
A_vs_B,shuffle_null_mean,-0.007242424242424245,,141.0
A_vs_B,shuffle_null_mean,0.0031515151515151473,,142.0
A_vs_B,shuffle_null_mean,-0.01266666666666666,,143.0
A_vs_B,shuffle_null_mean,-0.0163030303030303,,144.0
A_vs_B,shuffle_null_mean,-0.019515151515151517,,145.0
A_vs_B,shuffle_null_mean,0.007272727272727273,,146.0
A_vs_B,shuffle_null_mean,-0.008545454545454547,,147.0
A_vs_B,shuffle_null_mean,-0.0024545454545454558,,148.0
A_vs_B,shuffle_null_mean,0.02075757575757576,,149.0
A_vs_B,shuffle_null_mean,0.0015151515151515123,,150.0
A_vs_B,shuffle_null_mean,-0.01754545454545454,,151.0
A_vs_B,shuffle_null_mean,0.0249090909090909,,152.0
A_vs_B,shuffle_null_mean,0.005454545454545457,,153.0
A_vs_B,shuffle_null_mean,-0.01896969696969697,,154.0
A_vs_B,shuffle_null_mean,-0.04151515151515151,,155.0
A_vs_B,shuffle_null_mean,-0.0070909090909090896,,156.0
A_vs_B,shuffle_null_mean,0.0010909090909090881,,157.0
A_vs_B,shuffle_null_mean,-0.008272727272727274,,158.0
A_vs_B,shuffle_null_mean,0.03315151515151515,,159.0
A_vs_B,shuffle_null_mean,-0.016636363636363637,,160.0
A_vs_B,shuffle_null_mean,-0.0246060606060606,,161.0
A_vs_B,shuffle_null_mean,0.00309090909090909,,162.0
A_vs_B,shuffle_null_mean,0.009030303030303027,,163.0
A_vs_B,shuffle_null_mean,-0.014666666666666665,,164.0
A_vs_B,shuffle_null_mean,-0.030303030303030297,,165.0
A_vs_B,shuffle_null_mean,-0.026242424242424244,,166.0
A_vs_B,shuffle_null_mean,0.012545454545454549,,167.0
A_vs_B,shuffle_null_mean,-0.023727272727272722,,168.0
A_vs_B,shuffle_null_mean,0.0025757575757575785,,169.0
A_vs_B,shuffle_null_mean,-0.04751515151515152,,170.0
A_vs_B,shuffle_null_mean,-0.00596969696969697,,171.0
A_vs_B,shuffle_null_mean,-0.04145454545454545,,172.0
A_vs_B,shuffle_null_mean,-0.0459090909090909,,173.0
A_vs_B,shuffle_null_mean,0.015606060606060596,,174.0
A_vs_B,shuffle_null_mean,-0.025454545454545452,,175.0
A_vs_B,shuffle_null_mean,0.009454545454545455,,176.0
A_vs_B,shuffle_null_mean,6.938893903907229e-19,,177.0
A_vs_B,shuffle_null_mean,-0.010242424242424244,,178.0
A_vs_B,shuffle_null_mean,0.00854545454545454,,179.0
A_vs_B,shuffle_null_mean,0.002121212121212121,,180.0
A_vs_B,shuffle_null_mean,0.0048484848484848485,,181.0
A_vs_B,shuffle_null_mean,-0.010515151515151514,,182.0
A_vs_B,shuffle_null_mean,0.022939393939393933,,183.0
A_vs_B,shuffle_null_mean,-0.0213030303030303,,184.0
A_vs_B,shuffle_null_mean,-0.010606060606060605,,185.0
A_vs_B,shuffle_null_mean,0.0014848484848484825,,186.0
A_vs_B,shuffle_null_mean,-0.024545454545454547,,187.0
A_vs_B,shuffle_null_mean,-0.004545454545454544,,188.0
A_vs_B,shuffle_null_mean,-0.006363636363636363,,189.0
A_vs_B,shuffle_null_mean,0.0060909090909090895,,190.0
A_vs_B,shuffle_null_mean,0.010121212121212118,,191.0
A_vs_B,shuffle_null_mean,0.008666666666666666,,192.0
A_vs_B,shuffle_null_mean,0.0026363636363636337,,193.0
A_vs_B,shuffle_null_mean,0.003999999999999998,,194.0
A_vs_B,shuffle_null_mean,0.020696969696969696,,195.0
A_vs_B,shuffle_null_mean,-0.024909090909090905,,196.0
A_vs_B,shuffle_null_mean,-0.012090909090909091,,197.0
A_vs_B,shuffle_null_mean,0.0047575757575757565,,198.0
A_vs_B,shuffle_null_mean,-0.02054545454545455,,199.0
A_vs_B,shuffle_null_mean,-0.030848484848484847,,200.0
A_vs_B,shuffle_null_mean,-0.027606060606060613,,201.0
A_vs_B,shuffle_null_mean,0.0032727272727272744,,202.0
A_vs_B,shuffle_null_mean,-0.0018787878787878756,,203.0
A_vs_B,shuffle_null_mean,-0.004909090909090906,,204.0
A_vs_B,shuffle_null_mean,0.0015454545454545465,,205.0
A_vs_B,shuffle_null_mean,-0.00221212121212121,,206.0
A_vs_B,shuffle_null_mean,-0.0038787878787878817,,207.0
A_vs_B,shuffle_null_mean,0.012818181818181817,,208.0
A_vs_B,shuffle_null_mean,-0.008696969696969694,,209.0
A_vs_B,shuffle_null_mean,-0.005272727272727269,,210.0
A_vs_B,shuffle_null_mean,3.0303030303034663e-05,,211.0
A_vs_B,shuffle_null_mean,-0.0028787878787878765,,212.0
A_vs_B,shuffle_null_mean,0.0017575757575757534,,213.0
A_vs_B,shuffle_null_mean,-0.008424242424242428,,214.0
A_vs_B,shuffle_null_mean,-0.025303030303030306,,215.0
A_vs_B,shuffle_null_mean,-0.001909090909090911,,216.0
A_vs_B,shuffle_null_mean,-0.012272727272727268,,217.0
A_vs_B,shuffle_null_mean,-0.002999999999999997,,218.0
A_vs_B,shuffle_null_mean,0.00866666666666667,,219.0
A_vs_B,shuffle_null_mean,-0.008121212121212123,,220.0
A_vs_B,shuffle_null_mean,0.01733333333333333,,221.0
A_vs_B,shuffle_null_mean,0.01609090909090909,,222.0
A_vs_B,shuffle_null_mean,-0.014666666666666666,,223.0
A_vs_B,shuffle_null_mean,-0.012393939393939395,,224.0
A_vs_B,shuffle_null_mean,-0.012848484848484845,,225.0
A_vs_B,shuffle_null_mean,-0.0009393939393939433,,226.0
A_vs_B,shuffle_null_mean,0.02378787878787878,,227.0
A_vs_B,shuffle_null_mean,-0.006848484848484847,,228.0
A_vs_B,shuffle_null_mean,0.005606060606060604,,229.0
A_vs_B,shuffle_null_mean,-0.011424242424242418,,230.0
A_vs_B,shuffle_null_mean,0.011212121212121215,,231.0
A_vs_B,shuffle_null_mean,-0.014666666666666665,,232.0
A_vs_B,shuffle_null_mean,-0.014818181818181817,,233.0
A_vs_B,shuffle_null_mean,-0.01184848484848485,,234.0
A_vs_B,shuffle_null_mean,0.003333333333333334,,235.0
A_vs_B,shuffle_null_mean,-0.004333333333333332,,236.0
A_vs_B,shuffle_null_mean,-0.03799999999999999,,237.0
A_vs_B,shuffle_null_mean,0.015272727272727271,,238.0
A_vs_B,shuffle_null_mean,-0.011424242424242424,,239.0
A_vs_B,shuffle_null_mean,-0.009636363636363634,,240.0
A_vs_B,shuffle_null_mean,-0.000272727272727274,,241.0
A_vs_B,shuffle_null_mean,-0.02039393939393939,,242.0
A_vs_B,shuffle_null_mean,-0.03642424242424242,,243.0
A_vs_B,shuffle_null_mean,0.0049696969696969686,,244.0
A_vs_B,shuffle_null_mean,-0.003212121212121209,,245.0
A_vs_B,shuffle_null_mean,-0.015999999999999997,,246.0
A_vs_B,shuffle_null_mean,0.01563636363636363,,247.0
A_vs_B,shuffle_null_mean,0.012090909090909088,,248.0
A_vs_B,shuffle_null_mean,-0.004363636363636363,,249.0
A_vs_B,shuffle_null_mean,-0.02624242424242424,,250.0
A_vs_B,shuffle_null_mean,0.03309090909090909,,251.0
A_vs_B,shuffle_null_mean,0.00921212121212121,,252.0
A_vs_B,shuffle_null_mean,-0.002636363636363637,,253.0
A_vs_B,shuffle_null_mean,-0.00812121212121212,,254.0
A_vs_B,shuffle_null_mean,-0.004060606060606061,,255.0
A_vs_B,shuffle_null_mean,-0.003636363636363634,,256.0
A_vs_B,shuffle_null_mean,0.0009696969696969662,,257.0
A_vs_B,shuffle_null_mean,-0.01048484848484848,,258.0
A_vs_B,shuffle_null_mean,-0.0026969696969696986,,259.0
A_vs_B,shuffle_null_mean,-0.0016969696969696972,,260.0
A_vs_B,shuffle_null_mean,0.015121212121212119,,261.0
A_vs_B,shuffle_null_mean,0.006121212121212115,,262.0
A_vs_B,shuffle_null_mean,0.00021212121212121175,,263.0
A_vs_B,shuffle_null_mean,-0.009545454545454541,,264.0
A_vs_B,shuffle_null_mean,0.002030303030303029,,265.0
A_vs_B,shuffle_null_mean,-0.012424242424242421,,266.0
A_vs_B,shuffle_null_mean,0.009242424242424243,,267.0
A_vs_B,shuffle_null_mean,0.003363636363636366,,268.0
A_vs_B,shuffle_null_mean,-0.009848484848484846,,269.0
A_vs_B,shuffle_null_mean,-0.014151515151515148,,270.0
A_vs_B,shuffle_null_mean,-0.013909090909090913,,271.0
A_vs_B,shuffle_null_mean,-0.020484848484848488,,272.0
A_vs_B,shuffle_null_mean,-0.018878787878787877,,273.0
A_vs_B,shuffle_null_mean,-0.007272727272727269,,274.0
A_vs_B,shuffle_null_mean,0.0006666666666666659,,275.0
A_vs_B,shuffle_null_mean,-0.00112121212121212,,276.0
A_vs_B,shuffle_null_mean,0.012393939393939391,,277.0
A_vs_B,shuffle_null_mean,-0.025969696969696966,,278.0
A_vs_B,shuffle_null_mean,0.013333333333333332,,279.0
A_vs_B,shuffle_null_mean,0.0067575757575757565,,280.0
A_vs_B,shuffle_null_mean,-0.005454545454545459,,281.0
A_vs_B,shuffle_null_mean,0.004121212121212119,,282.0
A_vs_B,shuffle_null_mean,0.009636363636363636,,283.0
A_vs_B,shuffle_null_mean,0.004939393939393937,,284.0
A_vs_B,shuffle_null_mean,-0.003818181818181818,,285.0
A_vs_B,shuffle_null_mean,0.003212121212121208,,286.0
A_vs_B,shuffle_null_mean,0.0034545454545454545,,287.0
A_vs_B,shuffle_null_mean,0.01809090909090909,,288.0
A_vs_B,shuffle_null_mean,0.0034848484848484843,,289.0
A_vs_B,shuffle_null_mean,0.004030303030303024,,290.0
A_vs_B,shuffle_null_mean,0.004515151515151513,,291.0
A_vs_B,shuffle_null_mean,0.007727272727272727,,292.0
A_vs_B,shuffle_null_mean,-0.04203030303030303,,293.0
A_vs_B,shuffle_null_mean,-0.008848484848484845,,294.0
A_vs_B,shuffle_null_mean,0.017,,295.0
A_vs_B,shuffle_null_mean,-0.007181818181818183,,296.0
A_vs_B,shuffle_null_mean,0.036515151515151514,,297.0
A_vs_B,shuffle_null_mean,-0.009393939393939399,,298.0
A_vs_B,shuffle_null_mean,0.01406060606060606,,299.0
A_vs_B,shuffle_null_mean,0.005575757575757576,,300.0
A_vs_B,shuffle_null_mean,-0.009090909090909085,,301.0
A_vs_B,shuffle_null_mean,-0.01778787878787879,,302.0
A_vs_B,shuffle_null_mean,-0.006484848484848482,,303.0
A_vs_B,shuffle_null_mean,0.020787878787878782,,304.0
A_vs_B,shuffle_null_mean,-0.0005454545454545462,,305.0
A_vs_B,shuffle_null_mean,0.007575757575757574,,306.0
A_vs_B,shuffle_null_mean,0.017606060606060608,,307.0
A_vs_B,shuffle_null_mean,0.016121212121212116,,308.0
A_vs_B,shuffle_null_mean,-0.013424242424242422,,309.0
A_vs_B,shuffle_null_mean,0.016121212121212113,,310.0
A_vs_B,shuffle_null_mean,0.021272727272727266,,311.0
A_vs_B,shuffle_null_mean,-0.016606060606060607,,312.0
A_vs_B,shuffle_null_mean,-0.029636363636363638,,313.0
A_vs_B,shuffle_null_mean,-0.0062727272727272744,,314.0
A_vs_B,shuffle_null_mean,0.007909090909090906,,315.0
A_vs_B,shuffle_null_mean,0.030575757575757572,,316.0
A_vs_B,shuffle_null_mean,-0.012515151515151516,,317.0
A_vs_B,shuffle_null_mean,-0.014545454545454545,,318.0
A_vs_B,shuffle_null_mean,-0.03512121212121212,,319.0
A_vs_B,shuffle_null_mean,0.012727272727272722,,320.0
A_vs_B,shuffle_null_mean,-0.017030303030303028,,321.0
A_vs_B,shuffle_null_mean,-0.019969696969696967,,322.0
A_vs_B,shuffle_null_mean,-0.008818181818181817,,323.0
A_vs_B,shuffle_null_mean,-0.005545454545454546,,324.0
A_vs_B,shuffle_null_mean,-0.004363636363636361,,325.0
A_vs_B,shuffle_null_mean,-0.01927272727272727,,326.0
A_vs_B,shuffle_null_mean,-0.019151515151515152,,327.0
A_vs_B,shuffle_null_mean,-0.03057575757575758,,328.0
A_vs_B,shuffle_null_mean,0.00045454545454545747,,329.0
A_vs_B,shuffle_null_mean,-0.0016363636363636359,,330.0
A_vs_B,shuffle_null_mean,0.0062121212121212105,,331.0
A_vs_B,shuffle_null_mean,-0.008181818181818182,,332.0
A_vs_B,shuffle_null_mean,0.014484848484848479,,333.0
A_vs_B,shuffle_null_mean,0.010636363636363635,,334.0
A_vs_B,shuffle_null_mean,-0.0060606060606060615,,335.0
A_vs_B,shuffle_null_mean,-0.02672727272727272,,336.0
A_vs_B,shuffle_null_mean,-0.03003030303030303,,337.0
A_vs_B,shuffle_null_mean,0.01154545454545454,,338.0
A_vs_B,shuffle_null_mean,-0.0286060606060606,,339.0
A_vs_B,shuffle_null_mean,0.007424242424242425,,340.0
A_vs_B,shuffle_null_mean,0.02042424242424242,,341.0
A_vs_B,shuffle_null_mean,0.0035757575757575737,,342.0
A_vs_B,shuffle_null_mean,0.01051515151515151,,343.0
A_vs_B,shuffle_null_mean,0.020121212121212123,,344.0
A_vs_B,shuffle_null_mean,-0.0037272727272727236,,345.0
A_vs_B,shuffle_null_mean,-0.017212121212121213,,346.0
A_vs_B,shuffle_null_mean,-0.005696969696969693,,347.0
A_vs_B,shuffle_null_mean,-0.006242424242424243,,348.0
A_vs_B,shuffle_null_mean,0.02315151515151515,,349.0
A_vs_B,shuffle_null_mean,-0.024999999999999998,,350.0
A_vs_B,shuffle_null_mean,0.03296969696969697,,351.0
A_vs_B,shuffle_null_mean,0.002272727272727269,,352.0
A_vs_B,shuffle_null_mean,-0.00590909090909091,,353.0
A_vs_B,shuffle_null_mean,0.016636363636363633,,354.0
A_vs_B,shuffle_null_mean,-0.026030303030303032,,355.0
A_vs_B,shuffle_null_mean,-0.005969696969696967,,356.0
A_vs_B,shuffle_null_mean,-0.00593939393939394,,357.0
A_vs_B,shuffle_null_mean,-0.020878787878787875,,358.0
A_vs_B,shuffle_null_mean,-0.011606060606060604,,359.0
A_vs_B,shuffle_null_mean,0.028969696969696968,,360.0
A_vs_B,shuffle_null_mean,0.014939393939393938,,361.0
A_vs_B,shuffle_null_mean,0.010787878787878787,,362.0
A_vs_B,shuffle_null_mean,-0.005545454545454543,,363.0
A_vs_B,shuffle_null_mean,0.010818181818181815,,364.0
A_vs_B,shuffle_null_mean,-0.025030303030303024,,365.0
A_vs_B,shuffle_null_mean,0.012242424242424246,,366.0
A_vs_B,shuffle_null_mean,0.009545454545454548,,367.0
A_vs_B,shuffle_null_mean,-0.01318181818181818,,368.0
A_vs_B,shuffle_null_mean,-0.033060606060606054,,369.0
A_vs_B,shuffle_null_mean,0.005181818181818177,,370.0
A_vs_B,shuffle_null_mean,0.013272727272727275,,371.0
A_vs_B,shuffle_null_mean,-0.03539393939393939,,372.0
A_vs_B,shuffle_null_mean,-0.00409090909090909,,373.0
A_vs_B,shuffle_null_mean,0.022454545454545453,,374.0
A_vs_B,shuffle_null_mean,-0.014121212121212121,,375.0
A_vs_B,shuffle_null_mean,0.004757575757575757,,376.0
A_vs_B,shuffle_null_mean,-0.024424242424242425,,377.0
A_vs_B,shuffle_null_mean,0.014515151515151509,,378.0
A_vs_B,shuffle_null_mean,-0.00903030303030303,,379.0
A_vs_B,shuffle_null_mean,-0.0016363636363636337,,380.0
A_vs_B,shuffle_null_mean,-0.0038484848484848433,,381.0
A_vs_B,shuffle_null_mean,0.009242424242424238,,382.0
A_vs_B,shuffle_null_mean,0.005757575757575754,,383.0
A_vs_B,shuffle_null_mean,0.010030303030303027,,384.0
A_vs_B,shuffle_null_mean,-0.013454545454545455,,385.0
A_vs_B,shuffle_null_mean,-0.0005151515151515136,,386.0
A_vs_B,shuffle_null_mean,-0.007393939393939395,,387.0
A_vs_B,shuffle_null_mean,0.0017575757575757592,,388.0
A_vs_B,shuffle_null_mean,-0.007939393939393937,,389.0
A_vs_B,shuffle_null_mean,-0.01318181818181818,,390.0
A_vs_B,shuffle_null_mean,-0.04072727272727272,,391.0
A_vs_B,shuffle_null_mean,-0.0007878787878787888,,392.0
A_vs_B,shuffle_null_mean,0.002424242424242422,,393.0
A_vs_B,shuffle_null_mean,-0.005090909090909089,,394.0
A_vs_B,shuffle_null_mean,-0.013515151515151513,,395.0
A_vs_B,shuffle_null_mean,-0.0037575757575757643,,396.0
A_vs_B,shuffle_null_mean,0.021242424242424243,,397.0
A_vs_B,shuffle_null_mean,0.015363636363636362,,398.0
A_vs_B,shuffle_null_mean,0.013727272727272722,,399.0
A_vs_B,shuffle_null_mean,-0.014515151515151517,,400.0
A_vs_B,shuffle_null_mean,0.016939393939393938,,401.0
A_vs_B,shuffle_null_mean,-0.02857575757575757,,402.0
A_vs_B,shuffle_null_mean,-0.0072424242424242394,,403.0
A_vs_B,shuffle_null_mean,0.014272727272727274,,404.0
A_vs_B,shuffle_null_mean,-0.0024545454545454584,,405.0
A_vs_B,shuffle_null_mean,-0.03357575757575757,,406.0
A_vs_B,shuffle_null_mean,-0.01587878787878788,,407.0
A_vs_B,shuffle_null_mean,-0.005272727272727274,,408.0
A_vs_B,shuffle_null_mean,-0.018848484848484844,,409.0
A_vs_B,shuffle_null_mean,-0.002999999999999998,,410.0
A_vs_B,shuffle_null_mean,-0.023212121212121205,,411.0
A_vs_B,shuffle_null_mean,0.003,,412.0
A_vs_B,shuffle_null_mean,0.019030303030303026,,413.0
A_vs_B,shuffle_null_mean,-0.019454545454545454,,414.0
A_vs_B,shuffle_null_mean,-0.011787878787878785,,415.0
A_vs_B,shuffle_null_mean,0.006303030303030302,,416.0
A_vs_B,shuffle_null_mean,-0.012878787878787873,,417.0
A_vs_B,shuffle_null_mean,-0.0008484848484848493,,418.0
A_vs_B,shuffle_null_mean,-0.015363636363636362,,419.0
A_vs_B,shuffle_null_mean,0.017121212121212127,,420.0
A_vs_B,shuffle_null_mean,-0.01387878787878788,,421.0
A_vs_B,shuffle_null_mean,-0.018545454545454542,,422.0
A_vs_B,shuffle_null_mean,-0.00824242424242424,,423.0
A_vs_B,shuffle_null_mean,0.0021212121212121184,,424.0
A_vs_B,shuffle_null_mean,-0.023909090909090908,,425.0
A_vs_B,shuffle_null_mean,-0.019242424242424245,,426.0
A_vs_B,shuffle_null_mean,-0.02266666666666666,,427.0
A_vs_B,shuffle_null_mean,0.01936363636363637,,428.0
A_vs_B,shuffle_null_mean,-0.013636363636363636,,429.0
A_vs_B,shuffle_null_mean,0.004636363636363638,,430.0
A_vs_B,shuffle_null_mean,-0.020818181818181816,,431.0
A_vs_B,shuffle_null_mean,-0.030363636363636363,,432.0
A_vs_B,shuffle_null_mean,-0.008939393939393943,,433.0
A_vs_B,shuffle_null_mean,0.00409090909090909,,434.0
A_vs_B,shuffle_null_mean,-0.014939393939393936,,435.0
A_vs_B,shuffle_null_mean,-0.000242424242424244,,436.0
A_vs_B,shuffle_null_mean,-0.012181818181818183,,437.0
A_vs_B,shuffle_null_mean,0.010181818181818184,,438.0
A_vs_B,shuffle_null_mean,0.008181818181818179,,439.0
A_vs_B,shuffle_null_mean,0.0032121212121212126,,440.0
A_vs_B,shuffle_null_mean,-0.012333333333333332,,441.0
A_vs_B,shuffle_null_mean,0.012393939393939395,,442.0
A_vs_B,shuffle_null_mean,-0.022484848484848486,,443.0
A_vs_B,shuffle_null_mean,-0.007636363636363634,,444.0
A_vs_B,shuffle_null_mean,0.027999999999999997,,445.0
A_vs_B,shuffle_null_mean,-0.009606060606060604,,446.0
A_vs_B,shuffle_null_mean,-0.025878787878787873,,447.0
A_vs_B,shuffle_null_mean,-0.041393939393939386,,448.0
A_vs_B,shuffle_null_mean,-0.016969696969696968,,449.0
A_vs_B,shuffle_null_mean,0.010151515151515147,,450.0
A_vs_B,shuffle_null_mean,-0.007060606060606061,,451.0
A_vs_B,shuffle_null_mean,0.016969696969696968,,452.0
A_vs_B,shuffle_null_mean,0.00039393939393938816,,453.0
A_vs_B,shuffle_null_mean,-0.009484848484848485,,454.0
A_vs_B,shuffle_null_mean,-0.016666666666666666,,455.0
A_vs_B,shuffle_null_mean,0.005393939393939392,,456.0
A_vs_B,shuffle_null_mean,0.010696969696969694,,457.0
A_vs_B,shuffle_null_mean,-0.030878787878787877,,458.0
A_vs_B,shuffle_null_mean,-0.015909090909090904,,459.0
A_vs_B,shuffle_null_mean,-0.0196969696969697,,460.0
A_vs_B,shuffle_null_mean,-0.008757575757575757,,461.0
A_vs_B,shuffle_null_mean,-0.031424242424242424,,462.0
A_vs_B,shuffle_null_mean,0.006848484848484847,,463.0
A_vs_B,shuffle_null_mean,0.00815151515151515,,464.0
A_vs_B,shuffle_null_mean,0.007909090909090904,,465.0
A_vs_B,shuffle_null_mean,0.017272727272727273,,466.0
A_vs_B,shuffle_null_mean,0.013696969696969697,,467.0
A_vs_B,shuffle_null_mean,0.009757575757575753,,468.0
A_vs_B,shuffle_null_mean,-0.010606060606060605,,469.0
A_vs_B,shuffle_null_mean,-0.013484848484848483,,470.0
A_vs_B,shuffle_null_mean,0.00821212121212121,,471.0
A_vs_B,shuffle_null_mean,-0.018272727272727274,,472.0
A_vs_B,shuffle_null_mean,0.005909090909090908,,473.0
A_vs_B,shuffle_null_mean,-0.0017575757575757536,,474.0
A_vs_B,shuffle_null_mean,-0.02584848484848485,,475.0
A_vs_B,shuffle_null_mean,0.0031212121212121214,,476.0
A_vs_B,shuffle_null_mean,-0.010212121212121212,,477.0
A_vs_B,shuffle_null_mean,0.018818181818181817,,478.0
A_vs_B,shuffle_null_mean,-0.037090909090909084,,479.0
A_vs_B,shuffle_null_mean,0.01012121212121212,,480.0
A_vs_B,shuffle_null_mean,0.014151515151515155,,481.0
A_vs_B,shuffle_null_mean,-0.0001515151515151532,,482.0
A_vs_B,shuffle_null_mean,-0.007454545454545455,,483.0
A_vs_B,shuffle_null_mean,0.011878787878787878,,484.0
A_vs_B,shuffle_null_mean,0.004424242424242424,,485.0
A_vs_B,shuffle_null_mean,0.009242424242424233,,486.0
A_vs_B,shuffle_null_mean,-0.01245454545454545,,487.0
A_vs_B,shuffle_null_mean,-0.005787878787878787,,488.0
A_vs_B,shuffle_null_mean,0.018696969696969695,,489.0
A_vs_B,shuffle_null_mean,-0.024151515151515153,,490.0
A_vs_B,shuffle_null_mean,0.03275757575757575,,491.0
A_vs_B,shuffle_null_mean,-0.008121212121212123,,492.0
A_vs_B,shuffle_null_mean,0.013515151515151516,,493.0
A_vs_B,shuffle_null_mean,-0.0003636363636363649,,494.0
A_vs_B,shuffle_null_mean,0.00206060606060606,,495.0
A_vs_B,shuffle_null_mean,0.011242424242424236,,496.0
A_vs_B,shuffle_null_mean,0.00018181818181817953,,497.0
A_vs_B,shuffle_null_mean,-0.032090909090909094,,498.0
A_vs_B,shuffle_null_mean,0.011878787878787874,,499.0
B_vs_B,shuffle_null_mean,-0.026242424242424244,,0.0
B_vs_B,shuffle_null_mean,-0.008666666666666661,,1.0
B_vs_B,shuffle_null_mean,0.012363636363636363,,2.0
B_vs_B,shuffle_null_mean,0.01715151515151515,,3.0
B_vs_B,shuffle_null_mean,-0.0007272727272727292,,4.0
B_vs_B,shuffle_null_mean,0.007999999999999997,,5.0
B_vs_B,shuffle_null_mean,0.005939393939393938,,6.0
B_vs_B,shuffle_null_mean,-0.021878787878787876,,7.0
B_vs_B,shuffle_null_mean,0.007818181818181821,,8.0
B_vs_B,shuffle_null_mean,-0.016363636363636365,,9.0
B_vs_B,shuffle_null_mean,0.0028484848484848493,,10.0
B_vs_B,shuffle_null_mean,0.042121212121212115,,11.0
B_vs_B,shuffle_null_mean,6.060606060606516e-05,,12.0
B_vs_B,shuffle_null_mean,0.0036969696969696973,,13.0
B_vs_B,shuffle_null_mean,0.05157575757575757,,14.0
B_vs_B,shuffle_null_mean,0.051151515151515135,,15.0
B_vs_B,shuffle_null_mean,-0.02181818181818182,,16.0
B_vs_B,shuffle_null_mean,-0.009151515151515147,,17.0
B_vs_B,shuffle_null_mean,0.008242424242424246,,18.0
B_vs_B,shuffle_null_mean,0.011515151515151511,,19.0
B_vs_B,shuffle_null_mean,0.014727272727272728,,20.0
B_vs_B,shuffle_null_mean,-0.011575757575757574,,21.0
B_vs_B,shuffle_null_mean,0.018060606060606055,,22.0
B_vs_B,shuffle_null_mean,0.009757575757575748,,23.0
B_vs_B,shuffle_null_mean,0.010121212121212116,,24.0
B_vs_B,shuffle_null_mean,0.0038787878787878787,,25.0
B_vs_B,shuffle_null_mean,-0.021515151515151515,,26.0
B_vs_B,shuffle_null_mean,-0.0019999999999999922,,27.0
B_vs_B,shuffle_null_mean,-0.0009090909090909052,,28.0
B_vs_B,shuffle_null_mean,0.05163636363636361,,29.0
B_vs_B,shuffle_null_mean,-0.006121212121212117,,30.0
B_vs_B,shuffle_null_mean,0.0006060606060606044,,31.0
B_vs_B,shuffle_null_mean,0.004242424242424244,,32.0
B_vs_B,shuffle_null_mean,0.008848484848484845,,33.0
B_vs_B,shuffle_null_mean,-0.009818181818181816,,34.0
B_vs_B,shuffle_null_mean,0.03139393939393939,,35.0
B_vs_B,shuffle_null_mean,-0.010181818181818184,,36.0
B_vs_B,shuffle_null_mean,-0.019212121212121208,,37.0
B_vs_B,shuffle_null_mean,-0.0003636363636363646,,38.0
B_vs_B,shuffle_null_mean,0.021333333333333326,,39.0
B_vs_B,shuffle_null_mean,-0.009818181818181821,,40.0
B_vs_B,shuffle_null_mean,-0.007575757575757572,,41.0
B_vs_B,shuffle_null_mean,-0.03242424242424241,,42.0
B_vs_B,shuffle_null_mean,-0.01369696969696969,,43.0
B_vs_B,shuffle_null_mean,0.0028484848484848484,,44.0
B_vs_B,shuffle_null_mean,0.01024242424242425,,45.0
B_vs_B,shuffle_null_mean,-0.000606060606060612,,46.0
B_vs_B,shuffle_null_mean,0.00987878787878788,,47.0
B_vs_B,shuffle_null_mean,-0.047393939393939384,,48.0
B_vs_B,shuffle_null_mean,-0.028727272727272733,,49.0
B_vs_B,shuffle_null_mean,-0.006666666666666665,,50.0
B_vs_B,shuffle_null_mean,-0.013696969696969697,,51.0
B_vs_B,shuffle_null_mean,-0.002606060606060604,,52.0
B_vs_B,shuffle_null_mean,-0.0638181818181818,,53.0
B_vs_B,shuffle_null_mean,-0.012666666666666668,,54.0
B_vs_B,shuffle_null_mean,-0.008606060606060607,,55.0
B_vs_B,shuffle_null_mean,0.004424242424242426,,56.0
B_vs_B,shuffle_null_mean,0.004969696969696975,,57.0
B_vs_B,shuffle_null_mean,0.023151515151515152,,58.0
B_vs_B,shuffle_null_mean,0.043090909090909096,,59.0
B_vs_B,shuffle_null_mean,0.008181818181818179,,60.0
B_vs_B,shuffle_null_mean,0.004545454545454544,,61.0
B_vs_B,shuffle_null_mean,-0.0008484848484848484,,62.0
B_vs_B,shuffle_null_mean,-0.007515151515151512,,63.0
B_vs_B,shuffle_null_mean,-0.017454545454545452,,64.0
B_vs_B,shuffle_null_mean,0.04575757575757576,,65.0
B_vs_B,shuffle_null_mean,-0.044,,66.0
B_vs_B,shuffle_null_mean,-0.016181818181818186,,67.0
B_vs_B,shuffle_null_mean,0.00490909090909091,,68.0
B_vs_B,shuffle_null_mean,-0.012242424242424239,,69.0
B_vs_B,shuffle_null_mean,-0.025696969696969697,,70.0
B_vs_B,shuffle_null_mean,-0.009151515151515154,,71.0
B_vs_B,shuffle_null_mean,-0.0053333333333333375,,72.0
B_vs_B,shuffle_null_mean,0.02109090909090909,,73.0
B_vs_B,shuffle_null_mean,0.0043030303030303,,74.0
B_vs_B,shuffle_null_mean,-0.022181818181818184,,75.0
B_vs_B,shuffle_null_mean,0.023454545454545457,,76.0
B_vs_B,shuffle_null_mean,-0.015515151515151518,,77.0
B_vs_B,shuffle_null_mean,0.03157575757575757,,78.0
B_vs_B,shuffle_null_mean,0.0021212121212121162,,79.0
B_vs_B,shuffle_null_mean,-0.022909090909090907,,80.0
B_vs_B,shuffle_null_mean,-0.023515151515151517,,81.0
B_vs_B,shuffle_null_mean,0.006181818181818192,,82.0
B_vs_B,shuffle_null_mean,0.012363636363636365,,83.0
B_vs_B,shuffle_null_mean,-0.02551515151515152,,84.0
B_vs_B,shuffle_null_mean,0.0015151515151515138,,85.0
B_vs_B,shuffle_null_mean,-0.03636363636363636,,86.0
B_vs_B,shuffle_null_mean,0.01751515151515152,,87.0
B_vs_B,shuffle_null_mean,-0.0030909090909091,,88.0
B_vs_B,shuffle_null_mean,0.02654545454545454,,89.0
B_vs_B,shuffle_null_mean,-0.04660606060606059,,90.0
B_vs_B,shuffle_null_mean,0.008121212121212123,,91.0
B_vs_B,shuffle_null_mean,-0.029393939393939396,,92.0
B_vs_B,shuffle_null_mean,-0.02054545454545454,,93.0
B_vs_B,shuffle_null_mean,-0.016787878787878786,,94.0
B_vs_B,shuffle_null_mean,-0.04006060606060606,,95.0
B_vs_B,shuffle_null_mean,-0.01787878787878789,,96.0
B_vs_B,shuffle_null_mean,0.0006666666666666708,,97.0
B_vs_B,shuffle_null_mean,-0.002303030303030306,,98.0
B_vs_B,shuffle_null_mean,0.025818181818181817,,99.0
B_vs_B,shuffle_null_mean,-0.046727272727272715,,100.0
B_vs_B,shuffle_null_mean,-0.01909090909090909,,101.0
B_vs_B,shuffle_null_mean,-0.023818181818181815,,102.0
B_vs_B,shuffle_null_mean,0.05054545454545454,,103.0
B_vs_B,shuffle_null_mean,0.027090909090909093,,104.0
B_vs_B,shuffle_null_mean,-0.021636363636363638,,105.0
B_vs_B,shuffle_null_mean,-0.03266666666666666,,106.0
B_vs_B,shuffle_null_mean,-0.011272727272727271,,107.0
B_vs_B,shuffle_null_mean,0.016848484848484852,,108.0
B_vs_B,shuffle_null_mean,-0.031818181818181815,,109.0
B_vs_B,shuffle_null_mean,0.016787878787878793,,110.0
B_vs_B,shuffle_null_mean,-0.04,,111.0
B_vs_B,shuffle_null_mean,0.022303030303030304,,112.0
B_vs_B,shuffle_null_mean,0.010727272727272728,,113.0
B_vs_B,shuffle_null_mean,-0.0076969696969696995,,114.0
B_vs_B,shuffle_null_mean,-0.01842424242424242,,115.0
B_vs_B,shuffle_null_mean,0.00715151515151515,,116.0
B_vs_B,shuffle_null_mean,-0.023212121212121205,,117.0
B_vs_B,shuffle_null_mean,-0.005757575757575764,,118.0
B_vs_B,shuffle_null_mean,0.015212121212121213,,119.0
B_vs_B,shuffle_null_mean,0.012909090909090908,,120.0
B_vs_B,shuffle_null_mean,-0.017333333333333333,,121.0
B_vs_B,shuffle_null_mean,0.036363636363636355,,122.0
B_vs_B,shuffle_null_mean,-0.03515151515151514,,123.0
B_vs_B,shuffle_null_mean,-0.016121212121212116,,124.0
B_vs_B,shuffle_null_mean,-0.01521212121212121,,125.0
B_vs_B,shuffle_null_mean,0.0024242424242424216,,126.0
B_vs_B,shuffle_null_mean,-0.019999999999999997,,127.0
B_vs_B,shuffle_null_mean,0.04369696969696969,,128.0
B_vs_B,shuffle_null_mean,-0.008848484848484845,,129.0
B_vs_B,shuffle_null_mean,0.000909090909090912,,130.0
B_vs_B,shuffle_null_mean,-0.02793939393939394,,131.0
B_vs_B,shuffle_null_mean,0.026181818181818185,,132.0
B_vs_B,shuffle_null_mean,0.013030303030303031,,133.0
B_vs_B,shuffle_null_mean,-0.008484848484848484,,134.0
B_vs_B,shuffle_null_mean,0.0010303030303030277,,135.0
B_vs_B,shuffle_null_mean,-0.015454545454545452,,136.0
B_vs_B,shuffle_null_mean,0.009090909090909085,,137.0
B_vs_B,shuffle_null_mean,-0.01357575757575757,,138.0
B_vs_B,shuffle_null_mean,-0.011818181818181818,,139.0
B_vs_B,shuffle_null_mean,0.006484848484848487,,140.0
B_vs_B,shuffle_null_mean,0.00963636363636364,,141.0
B_vs_B,shuffle_null_mean,0.023939393939393934,,142.0
B_vs_B,shuffle_null_mean,-0.029939393939393932,,143.0
B_vs_B,shuffle_null_mean,-0.01818181818181818,,144.0
B_vs_B,shuffle_null_mean,-0.03824242424242424,,145.0
B_vs_B,shuffle_null_mean,0.018121212121212114,,146.0
B_vs_B,shuffle_null_mean,0.010727272727272728,,147.0
B_vs_B,shuffle_null_mean,-0.01593939393939394,,148.0
B_vs_B,shuffle_null_mean,-0.008303030303030303,,149.0
B_vs_B,shuffle_null_mean,0.0006060606060606058,,150.0
B_vs_B,shuffle_null_mean,0.00981818181818181,,151.0
B_vs_B,shuffle_null_mean,0.006363636363636361,,152.0
B_vs_B,shuffle_null_mean,0.00024242424242424052,,153.0
B_vs_B,shuffle_null_mean,-0.03642424242424243,,154.0
B_vs_B,shuffle_null_mean,6.0606060606061e-05,,155.0
B_vs_B,shuffle_null_mean,0.024060606060606053,,156.0
B_vs_B,shuffle_null_mean,0.029090909090909077,,157.0
B_vs_B,shuffle_null_mean,-0.001696969696969701,,158.0
B_vs_B,shuffle_null_mean,0.02303030303030303,,159.0
B_vs_B,shuffle_null_mean,0.005757575757575758,,160.0
B_vs_B,shuffle_null_mean,0.007212121212121211,,161.0
B_vs_B,shuffle_null_mean,0.021757575757575753,,162.0
B_vs_B,shuffle_null_mean,-0.01896969696969697,,163.0
B_vs_B,shuffle_null_mean,-0.01690909090909091,,164.0
B_vs_B,shuffle_null_mean,-0.0010909090909090938,,165.0
B_vs_B,shuffle_null_mean,0.00048484848484848354,,166.0
B_vs_B,shuffle_null_mean,0.010727272727272736,,167.0
B_vs_B,shuffle_null_mean,-0.023272727272727278,,168.0
B_vs_B,shuffle_null_mean,0.0038787878787878774,,169.0
B_vs_B,shuffle_null_mean,-0.025393939393939392,,170.0
B_vs_B,shuffle_null_mean,-0.050242424242424234,,171.0
B_vs_B,shuffle_null_mean,-0.0163030303030303,,172.0
B_vs_B,shuffle_null_mean,0.011090909090909092,,173.0
B_vs_B,shuffle_null_mean,-0.02915151515151514,,174.0
B_vs_B,shuffle_null_mean,-0.027393939393939387,,175.0
B_vs_B,shuffle_null_mean,0.007151515151515152,,176.0
B_vs_B,shuffle_null_mean,-0.014181818181818179,,177.0
B_vs_B,shuffle_null_mean,-0.03987878787878788,,178.0
B_vs_B,shuffle_null_mean,0.020060606060606057,,179.0
B_vs_B,shuffle_null_mean,-0.029818181818181817,,180.0
B_vs_B,shuffle_null_mean,0.01636363636363636,,181.0
B_vs_B,shuffle_null_mean,-0.018666666666666668,,182.0
B_vs_B,shuffle_null_mean,-0.006121212121212123,,183.0
B_vs_B,shuffle_null_mean,0.04115151515151515,,184.0
B_vs_B,shuffle_null_mean,0.007636363636363636,,185.0
B_vs_B,shuffle_null_mean,-0.009999999999999995,,186.0
B_vs_B,shuffle_null_mean,-0.024181818181818183,,187.0
B_vs_B,shuffle_null_mean,0.008969696969696971,,188.0
B_vs_B,shuffle_null_mean,0.005575757575757574,,189.0
B_vs_B,shuffle_null_mean,0.01606060606060606,,190.0
B_vs_B,shuffle_null_mean,0.010121212121212121,,191.0
B_vs_B,shuffle_null_mean,-0.022727272727272724,,192.0
B_vs_B,shuffle_null_mean,0.004909090909090909,,193.0
B_vs_B,shuffle_null_mean,-0.005272727272727276,,194.0
B_vs_B,shuffle_null_mean,0.007878787878787883,,195.0
B_vs_B,shuffle_null_mean,-0.015393939393939394,,196.0
B_vs_B,shuffle_null_mean,0.024969696969696958,,197.0
B_vs_B,shuffle_null_mean,-0.03460606060606061,,198.0
B_vs_B,shuffle_null_mean,0.02484848484848485,,199.0
B_vs_B,shuffle_null_mean,0.020484848484848488,,200.0
B_vs_B,shuffle_null_mean,0.014727272727272731,,201.0
B_vs_B,shuffle_null_mean,-0.0015757575757575717,,202.0
B_vs_B,shuffle_null_mean,0.013454545454545445,,203.0
B_vs_B,shuffle_null_mean,0.02351515151515151,,204.0
B_vs_B,shuffle_null_mean,0.0052121212121212105,,205.0
B_vs_B,shuffle_null_mean,-0.03345454545454546,,206.0
B_vs_B,shuffle_null_mean,0.0059393939393939344,,207.0
B_vs_B,shuffle_null_mean,0.015212121212121215,,208.0
B_vs_B,shuffle_null_mean,-0.046727272727272715,,209.0
B_vs_B,shuffle_null_mean,-0.04315151515151514,,210.0
B_vs_B,shuffle_null_mean,0.004666666666666668,,211.0
B_vs_B,shuffle_null_mean,0.0376969696969697,,212.0
B_vs_B,shuffle_null_mean,0.00224242424242424,,213.0
B_vs_B,shuffle_null_mean,-0.06193939393939394,,214.0
B_vs_B,shuffle_null_mean,0.017636363636363638,,215.0
B_vs_B,shuffle_null_mean,0.006484848484848485,,216.0
B_vs_B,shuffle_null_mean,-0.011212121212121206,,217.0
B_vs_B,shuffle_null_mean,-0.01721212121212121,,218.0
B_vs_B,shuffle_null_mean,0.0019393939393939393,,219.0
B_vs_B,shuffle_null_mean,0.051454545454545454,,220.0
B_vs_B,shuffle_null_mean,0.018363636363636353,,221.0
B_vs_B,shuffle_null_mean,0.008363636363636361,,222.0
B_vs_B,shuffle_null_mean,-0.003090909090909091,,223.0
B_vs_B,shuffle_null_mean,-0.0313939393939394,,224.0
B_vs_B,shuffle_null_mean,-0.03799999999999999,,225.0
B_vs_B,shuffle_null_mean,0.023212121212121205,,226.0
B_vs_B,shuffle_null_mean,0.03448484848484848,,227.0
B_vs_B,shuffle_null_mean,0.020000000000000004,,228.0
B_vs_B,shuffle_null_mean,-0.03515151515151514,,229.0
B_vs_B,shuffle_null_mean,-0.0043030303030303025,,230.0
B_vs_B,shuffle_null_mean,-0.013030303030303034,,231.0
B_vs_B,shuffle_null_mean,0.014484848484848486,,232.0
B_vs_B,shuffle_null_mean,-0.0020606060606060636,,233.0
B_vs_B,shuffle_null_mean,-0.026424242424242416,,234.0
B_vs_B,shuffle_null_mean,0.011151515151515143,,235.0
B_vs_B,shuffle_null_mean,0.025151515151515154,,236.0
B_vs_B,shuffle_null_mean,-0.025393939393939392,,237.0
B_vs_B,shuffle_null_mean,0.03781818181818181,,238.0
B_vs_B,shuffle_null_mean,-0.009151515151515152,,239.0
B_vs_B,shuffle_null_mean,-0.02187878787878788,,240.0
B_vs_B,shuffle_null_mean,0.03242424242424242,,241.0
B_vs_B,shuffle_null_mean,-0.005212121212121215,,242.0
B_vs_B,shuffle_null_mean,0.00860606060606061,,243.0
B_vs_B,shuffle_null_mean,-0.0024242424242424247,,244.0
B_vs_B,shuffle_null_mean,-0.00872727272727273,,245.0
B_vs_B,shuffle_null_mean,-0.02775757575757576,,246.0
B_vs_B,shuffle_null_mean,-0.03618181818181818,,247.0
B_vs_B,shuffle_null_mean,0.032545454545454544,,248.0
B_vs_B,shuffle_null_mean,0.0386060606060606,,249.0
B_vs_B,shuffle_null_mean,-0.0007272727272727333,,250.0
B_vs_B,shuffle_null_mean,0.026060606060606062,,251.0
B_vs_B,shuffle_null_mean,0.02981818181818182,,252.0
B_vs_B,shuffle_null_mean,-0.023151515151515156,,253.0
B_vs_B,shuffle_null_mean,0.011696969696969688,,254.0
B_vs_B,shuffle_null_mean,0.004969696969696978,,255.0
B_vs_B,shuffle_null_mean,-0.04333333333333333,,256.0
B_vs_B,shuffle_null_mean,-0.02072727272727274,,257.0
B_vs_B,shuffle_null_mean,-0.005636363636363634,,258.0
B_vs_B,shuffle_null_mean,0.03412121212121213,,259.0
B_vs_B,shuffle_null_mean,0.03284848484848484,,260.0
B_vs_B,shuffle_null_mean,0.01333333333333333,,261.0
B_vs_B,shuffle_null_mean,0.032424242424242425,,262.0
B_vs_B,shuffle_null_mean,-0.0009090909090909063,,263.0
B_vs_B,shuffle_null_mean,-0.013454545454545459,,264.0
B_vs_B,shuffle_null_mean,0.004909090909090906,,265.0
B_vs_B,shuffle_null_mean,-0.023939393939393937,,266.0
B_vs_B,shuffle_null_mean,-0.0030303030303030372,,267.0
B_vs_B,shuffle_null_mean,0.020242424242424242,,268.0
B_vs_B,shuffle_null_mean,0.02836363636363635,,269.0
B_vs_B,shuffle_null_mean,-0.013696969696969697,,270.0
B_vs_B,shuffle_null_mean,-0.021393939393939392,,271.0
B_vs_B,shuffle_null_mean,-0.006606060606060608,,272.0
B_vs_B,shuffle_null_mean,0.007515151515151523,,273.0
B_vs_B,shuffle_null_mean,0.03072727272727272,,274.0
B_vs_B,shuffle_null_mean,0.028303030303030302,,275.0
B_vs_B,shuffle_null_mean,0.027878787878787874,,276.0
B_vs_B,shuffle_null_mean,-0.012909090909090912,,277.0
B_vs_B,shuffle_null_mean,-0.0036363636363636403,,278.0
B_vs_B,shuffle_null_mean,-0.008606060606060607,,279.0
B_vs_B,shuffle_null_mean,-0.0014545454545454555,,280.0
B_vs_B,shuffle_null_mean,-0.016121212121212113,,281.0
B_vs_B,shuffle_null_mean,-0.013878787878787874,,282.0
B_vs_B,shuffle_null_mean,-0.04957575757575757,,283.0
B_vs_B,shuffle_null_mean,0.009333333333333329,,284.0
B_vs_B,shuffle_null_mean,-0.0038181818181818187,,285.0
B_vs_B,shuffle_null_mean,0.03599999999999999,,286.0
B_vs_B,shuffle_null_mean,-0.009090909090909089,,287.0
B_vs_B,shuffle_null_mean,-0.02781818181818182,,288.0
B_vs_B,shuffle_null_mean,-0.0016969696969696955,,289.0
B_vs_B,shuffle_null_mean,0.021333333333333336,,290.0
B_vs_B,shuffle_null_mean,-0.00024242424242423654,,291.0
B_vs_B,shuffle_null_mean,-0.02036363636363636,,292.0
B_vs_B,shuffle_null_mean,-0.016424242424242418,,293.0
B_vs_B,shuffle_null_mean,-0.003272727272727272,,294.0
B_vs_B,shuffle_null_mean,-0.010121212121212123,,295.0
B_vs_B,shuffle_null_mean,0.037575757575757575,,296.0
B_vs_B,shuffle_null_mean,-0.016606060606060603,,297.0
B_vs_B,shuffle_null_mean,0.03878787878787878,,298.0
B_vs_B,shuffle_null_mean,0.008787878787878789,,299.0
B_vs_B,shuffle_null_mean,-0.0006060606060606071,,300.0
B_vs_B,shuffle_null_mean,0.003999999999999999,,301.0
B_vs_B,shuffle_null_mean,-0.006727272727272732,,302.0
B_vs_B,shuffle_null_mean,0.011999999999999995,,303.0
B_vs_B,shuffle_null_mean,-0.0012121212121212102,,304.0
B_vs_B,shuffle_null_mean,-0.015030303030303033,,305.0
B_vs_B,shuffle_null_mean,-0.016424242424242428,,306.0
B_vs_B,shuffle_null_mean,-0.033393939393939386,,307.0
B_vs_B,shuffle_null_mean,0.03684848484848484,,308.0
B_vs_B,shuffle_null_mean,-0.012666666666666668,,309.0
B_vs_B,shuffle_null_mean,-0.005939393939393936,,310.0
B_vs_B,shuffle_null_mean,-0.0022424242424242415,,311.0
B_vs_B,shuffle_null_mean,-0.003575757575757578,,312.0
B_vs_B,shuffle_null_mean,0.010727272727272717,,313.0
B_vs_B,shuffle_null_mean,0.008606060606060608,,314.0
B_vs_B,shuffle_null_mean,-0.010909090909090917,,315.0
B_vs_B,shuffle_null_mean,0.03206060606060605,,316.0
B_vs_B,shuffle_null_mean,-0.033272727272727266,,317.0
B_vs_B,shuffle_null_mean,-0.01296969696969697,,318.0
B_vs_B,shuffle_null_mean,-0.008303030303030312,,319.0
B_vs_B,shuffle_null_mean,-0.012181818181818184,,320.0
B_vs_B,shuffle_null_mean,-0.03727272727272728,,321.0
B_vs_B,shuffle_null_mean,-0.020969696969696965,,322.0
B_vs_B,shuffle_null_mean,-0.022727272727272724,,323.0
B_vs_B,shuffle_null_mean,0.011939393939393937,,324.0
B_vs_B,shuffle_null_mean,0.007999999999999998,,325.0
B_vs_B,shuffle_null_mean,0.005333333333333335,,326.0
B_vs_B,shuffle_null_mean,0.006666666666666663,,327.0
B_vs_B,shuffle_null_mean,-0.004969696969696962,,328.0
B_vs_B,shuffle_null_mean,-0.01921212121212121,,329.0
B_vs_B,shuffle_null_mean,-0.03103030303030303,,330.0
B_vs_B,shuffle_null_mean,0.02151515151515151,,331.0
B_vs_B,shuffle_null_mean,-0.009333333333333336,,332.0
B_vs_B,shuffle_null_mean,-0.0024242424242424216,,333.0
B_vs_B,shuffle_null_mean,0.0343030303030303,,334.0
B_vs_B,shuffle_null_mean,-0.007030303030303038,,335.0
B_vs_B,shuffle_null_mean,0.01630303030303029,,336.0
B_vs_B,shuffle_null_mean,0.012000000000000002,,337.0
B_vs_B,shuffle_null_mean,-0.011636363636363639,,338.0
B_vs_B,shuffle_null_mean,-0.002969696969696971,,339.0
B_vs_B,shuffle_null_mean,-0.021333333333333333,,340.0
B_vs_B,shuffle_null_mean,0.005333333333333338,,341.0
B_vs_B,shuffle_null_mean,-0.007212121212121217,,342.0
B_vs_B,shuffle_null_mean,-0.012303030303030297,,343.0
B_vs_B,shuffle_null_mean,-0.00824242424242424,,344.0
B_vs_B,shuffle_null_mean,0.013333333333333332,,345.0
B_vs_B,shuffle_null_mean,-0.03557575757575758,,346.0
B_vs_B,shuffle_null_mean,-0.026484848484848483,,347.0
B_vs_B,shuffle_null_mean,0.020484848484848474,,348.0
B_vs_B,shuffle_null_mean,-0.04436363636363636,,349.0
B_vs_B,shuffle_null_mean,-0.025818181818181823,,350.0
B_vs_B,shuffle_null_mean,-0.0065454545454545505,,351.0
B_vs_B,shuffle_null_mean,-0.00181818181818182,,352.0
B_vs_B,shuffle_null_mean,-0.010909090909090906,,353.0
B_vs_B,shuffle_null_mean,-0.029090909090909094,,354.0
B_vs_B,shuffle_null_mean,0.0015151515151515138,,355.0
B_vs_B,shuffle_null_mean,0.01296969696969697,,356.0
B_vs_B,shuffle_null_mean,-0.0015757575757575782,,357.0
B_vs_B,shuffle_null_mean,0.009333333333333332,,358.0
B_vs_B,shuffle_null_mean,-0.05484848484848485,,359.0
B_vs_B,shuffle_null_mean,0.02999999999999999,,360.0
B_vs_B,shuffle_null_mean,0.007272727272727268,,361.0
B_vs_B,shuffle_null_mean,0.033333333333333326,,362.0
B_vs_B,shuffle_null_mean,0.004181818181818181,,363.0
B_vs_B,shuffle_null_mean,0.007696969696969697,,364.0
B_vs_B,shuffle_null_mean,-0.025999999999999995,,365.0
B_vs_B,shuffle_null_mean,0.04927272727272726,,366.0
B_vs_B,shuffle_null_mean,-0.013212121212121208,,367.0
B_vs_B,shuffle_null_mean,-0.052181818181818176,,368.0
B_vs_B,shuffle_null_mean,-0.018121212121212114,,369.0
B_vs_B,shuffle_null_mean,0.012484848484848482,,370.0
B_vs_B,shuffle_null_mean,-0.038727272727272735,,371.0
B_vs_B,shuffle_null_mean,-0.012060606060606058,,372.0
B_vs_B,shuffle_null_mean,-0.004181818181818198,,373.0
B_vs_B,shuffle_null_mean,0.011030303030303033,,374.0
B_vs_B,shuffle_null_mean,-0.014545454545454532,,375.0
B_vs_B,shuffle_null_mean,0.029151515151515144,,376.0
B_vs_B,shuffle_null_mean,-0.006787878787878785,,377.0
B_vs_B,shuffle_null_mean,0.015090909090909085,,378.0
B_vs_B,shuffle_null_mean,0.04969696969696969,,379.0
B_vs_B,shuffle_null_mean,-0.011212121212121215,,380.0
B_vs_B,shuffle_null_mean,-0.03648484848484848,,381.0
B_vs_B,shuffle_null_mean,-0.018606060606060605,,382.0
B_vs_B,shuffle_null_mean,0.03842424242424242,,383.0
B_vs_B,shuffle_null_mean,0.02551515151515151,,384.0
B_vs_B,shuffle_null_mean,0.011636363636363636,,385.0
B_vs_B,shuffle_null_mean,0.020545454545454544,,386.0
B_vs_B,shuffle_null_mean,0.033333333333333326,,387.0
B_vs_B,shuffle_null_mean,-0.022787878787878784,,388.0
B_vs_B,shuffle_null_mean,0.03872727272727272,,389.0
B_vs_B,shuffle_null_mean,0.019878787878787878,,390.0
B_vs_B,shuffle_null_mean,0.014181818181818184,,391.0
B_vs_B,shuffle_null_mean,-0.028909090909090905,,392.0
B_vs_B,shuffle_null_mean,-0.015212121212121215,,393.0
B_vs_B,shuffle_null_mean,-0.020545454545454547,,394.0
B_vs_B,shuffle_null_mean,-0.0004242424242424228,,395.0
B_vs_B,shuffle_null_mean,-0.03321212121212121,,396.0
B_vs_B,shuffle_null_mean,-0.002363636363636365,,397.0
B_vs_B,shuffle_null_mean,0.003696969696969693,,398.0
B_vs_B,shuffle_null_mean,0.008060606060606063,,399.0
B_vs_B,shuffle_null_mean,-0.017212121212121206,,400.0
B_vs_B,shuffle_null_mean,-0.02787878787878787,,401.0
B_vs_B,shuffle_null_mean,0.02145454545454545,,402.0
B_vs_B,shuffle_null_mean,0.03278787878787878,,403.0
B_vs_B,shuffle_null_mean,0.018363636363636363,,404.0
B_vs_B,shuffle_null_mean,-0.016424242424242425,,405.0
B_vs_B,shuffle_null_mean,-0.0329090909090909,,406.0
B_vs_B,shuffle_null_mean,0.02248484848484848,,407.0
B_vs_B,shuffle_null_mean,-0.005515151515151515,,408.0
B_vs_B,shuffle_null_mean,0.025818181818181817,,409.0
B_vs_B,shuffle_null_mean,0.022303030303030304,,410.0
B_vs_B,shuffle_null_mean,-0.02054545454545454,,411.0
B_vs_B,shuffle_null_mean,-0.017999999999999995,,412.0
B_vs_B,shuffle_null_mean,0.018484848484848486,,413.0
B_vs_B,shuffle_null_mean,0.011696969696969695,,414.0
B_vs_B,shuffle_null_mean,-0.040424242424242425,,415.0
B_vs_B,shuffle_null_mean,0.017939393939393943,,416.0
B_vs_B,shuffle_null_mean,-0.007818181818181818,,417.0
B_vs_B,shuffle_null_mean,-0.03563636363636362,,418.0
B_vs_B,shuffle_null_mean,0.007939393939393939,,419.0
B_vs_B,shuffle_null_mean,-0.03818181818181818,,420.0
B_vs_B,shuffle_null_mean,-0.0019393939393939409,,421.0
B_vs_B,shuffle_null_mean,0.021696969696969694,,422.0
B_vs_B,shuffle_null_mean,0.0176969696969697,,423.0
B_vs_B,shuffle_null_mean,-0.00981818181818182,,424.0
B_vs_B,shuffle_null_mean,0.013757575757575757,,425.0
B_vs_B,shuffle_null_mean,0.07624242424242424,,426.0
B_vs_B,shuffle_null_mean,-0.02157575757575757,,427.0
B_vs_B,shuffle_null_mean,-0.0023636363636363664,,428.0
B_vs_B,shuffle_null_mean,-0.009333333333333332,,429.0
B_vs_B,shuffle_null_mean,0.05563636363636363,,430.0
B_vs_B,shuffle_null_mean,0.006303030303030308,,431.0
B_vs_B,shuffle_null_mean,-0.005818181818181817,,432.0
B_vs_B,shuffle_null_mean,-0.040606060606060604,,433.0
B_vs_B,shuffle_null_mean,0.015333333333333327,,434.0
B_vs_B,shuffle_null_mean,-0.026484848484848483,,435.0
B_vs_B,shuffle_null_mean,0.03503030303030303,,436.0
B_vs_B,shuffle_null_mean,0.01812121212121212,,437.0
B_vs_B,shuffle_null_mean,-0.018666666666666665,,438.0
B_vs_B,shuffle_null_mean,0.013575757575757574,,439.0
B_vs_B,shuffle_null_mean,0.01872727272727273,,440.0
B_vs_B,shuffle_null_mean,-0.028969696969696968,,441.0
B_vs_B,shuffle_null_mean,0.010969696969696968,,442.0
B_vs_B,shuffle_null_mean,-0.02981818181818182,,443.0
B_vs_B,shuffle_null_mean,0.015090909090909089,,444.0
B_vs_B,shuffle_null_mean,0.0006666666666666687,,445.0
B_vs_B,shuffle_null_mean,0.033333333333333326,,446.0
B_vs_B,shuffle_null_mean,-0.05993939393939394,,447.0
B_vs_B,shuffle_null_mean,-0.010121212121212114,,448.0
B_vs_B,shuffle_null_mean,0.04945454545454545,,449.0
B_vs_B,shuffle_null_mean,0.013393939393939385,,450.0
B_vs_B,shuffle_null_mean,-0.0013939393939393914,,451.0
B_vs_B,shuffle_null_mean,-0.0013333333333333391,,452.0
B_vs_B,shuffle_null_mean,0.028848484848484852,,453.0
B_vs_B,shuffle_null_mean,0.015818181818181815,,454.0
B_vs_B,shuffle_null_mean,0.0068484848484848485,,455.0
B_vs_B,shuffle_null_mean,-0.004484848484848487,,456.0
B_vs_B,shuffle_null_mean,-0.016484848484848484,,457.0
B_vs_B,shuffle_null_mean,0.01769696969696969,,458.0
B_vs_B,shuffle_null_mean,0.07145454545454544,,459.0
B_vs_B,shuffle_null_mean,-0.0025454545454545426,,460.0
B_vs_B,shuffle_null_mean,-0.031090909090909093,,461.0
B_vs_B,shuffle_null_mean,-0.018727272727272724,,462.0
B_vs_B,shuffle_null_mean,-0.007696969696969705,,463.0
B_vs_B,shuffle_null_mean,0.00939393939393939,,464.0
B_vs_B,shuffle_null_mean,-0.020545454545454533,,465.0
B_vs_B,shuffle_null_mean,0.012060606060606055,,466.0
B_vs_B,shuffle_null_mean,-0.025636363636363634,,467.0
B_vs_B,shuffle_null_mean,0.004242424242424239,,468.0
B_vs_B,shuffle_null_mean,-0.07981818181818182,,469.0
B_vs_B,shuffle_null_mean,-0.02012121212121213,,470.0
B_vs_B,shuffle_null_mean,-0.033878787878787876,,471.0
B_vs_B,shuffle_null_mean,0.05230303030303031,,472.0
B_vs_B,shuffle_null_mean,0.008181818181818184,,473.0
B_vs_B,shuffle_null_mean,-0.00721212121212121,,474.0
B_vs_B,shuffle_null_mean,0.0409090909090909,,475.0
B_vs_B,shuffle_null_mean,-0.015454545454545448,,476.0
B_vs_B,shuffle_null_mean,-0.020060606060606053,,477.0
B_vs_B,shuffle_null_mean,-0.04721212121212121,,478.0
B_vs_B,shuffle_null_mean,-0.02727272727272727,,479.0
B_vs_B,shuffle_null_mean,-0.03975757575757575,,480.0
B_vs_B,shuffle_null_mean,0.017818181818181823,,481.0
B_vs_B,shuffle_null_mean,0.02593939393939394,,482.0
B_vs_B,shuffle_null_mean,0.01606060606060606,,483.0
B_vs_B,shuffle_null_mean,-0.011939393939393946,,484.0
B_vs_B,shuffle_null_mean,0.04357575757575757,,485.0
B_vs_B,shuffle_null_mean,-0.032484848484848484,,486.0
B_vs_B,shuffle_null_mean,0.026060606060606055,,487.0
B_vs_B,shuffle_null_mean,0.03290909090909091,,488.0
B_vs_B,shuffle_null_mean,0.024363636363636358,,489.0
B_vs_B,shuffle_null_mean,0.03806060606060606,,490.0
B_vs_B,shuffle_null_mean,0.010000000000000004,,491.0
B_vs_B,shuffle_null_mean,-0.009393939393939394,,492.0
B_vs_B,shuffle_null_mean,0.000787878787878786,,493.0
B_vs_B,shuffle_null_mean,0.025818181818181817,,494.0
B_vs_B,shuffle_null_mean,0.011393939393939399,,495.0
B_vs_B,shuffle_null_mean,-0.003454545454545453,,496.0
B_vs_B,shuffle_null_mean,-0.02278787878787878,,497.0
B_vs_B,shuffle_null_mean,-0.006121212121212117,,498.0
B_vs_B,shuffle_null_mean,-0.03951515151515151,,499.0
